Id,Name,Team,Position,Price,Week,Points,MinutesPlayed,Goals,Assists,xGoals,xAssists,CleanSheets,GoalsConceded,xGoalsConceded,Saves,BonusPoints,BonusPointRating,PointsInLastFive,MinutesInLastFive,GoalsInLastFive,xGoalsInLastFive,xAssistsInLastFive,CleanSheetsInLastFive,GoalsConcededInLastFive,xGoalsConcededInLastFive,SavesInLastFive,BonusPointsInLastFive,BonusPointsRatingInLastFive,Opponent,OpponentGoalsScored,OpponentGoalsConceded,OpponentGoalsScoredInLastFive,OpponentGoalsConcededInLastFive
4,Fabio Vieira,Arsenal,Midfielder,5.4,34,23,282,1,3,1.2,0.5900000000000001,1,2,1.83,0,0,67,1,1,0,0,0.01,0,0,0.15,0,0,2,Wolves,46,51,6,8
4,Fabio Vieira,Arsenal,Midfielder,5.4,34,23,282,1,3,1.2,0.5900000000000001,1,2,1.83,0,0,67,1,1,0,0,0.01,0,0,0.15,0,0,2,Chelsea,61,52,17,9
5,Gabriel,Arsenal,Defender,4.7,34,121,2534,3,1,4.08,0.5700000000000001,12,23,20.59,0,6,547,18,360,0,0.69,0.03,3,2,2.88,0,0,72,Wolves,46,51,6,8
5,Gabriel,Arsenal,Defender,4.7,34,121,2534,3,1,4.08,0.5700000000000001,12,23,20.59,0,6,547,18,360,0,0.69,0.03,3,2,2.88,0,0,72,Chelsea,61,52,17,9
6,Havertz,Arsenal,Midfielder,7.2,34,133,2106,9,7,9.11,2.6900000000000004,12,19,15.399999999999999,0,11,369,23,333,2,1.2,0.9099999999999999,3,2,2.56,0,3,55,Wolves,46,51,6,8
6,Havertz,Arsenal,Midfielder,7.2,34,133,2106,9,7,9.11,2.6900000000000004,12,19,15.399999999999999,0,11,369,23,333,2,1.2,0.9099999999999999,3,2,2.56,0,3,55,Chelsea,61,52,17,9
8,G.Jesus,Arsenal,Forward,7.9,34,73,1349,4,5,6.16,3.0399999999999996,10,11,11.509999999999998,0,10,230,8,212,1,0.81,0.8999999999999999,3,0,1.4899999999999998,0,0,19,Wolves,46,51,6,8
8,G.Jesus,Arsenal,Forward,7.9,34,73,1349,4,5,6.16,3.0399999999999996,10,11,11.509999999999998,0,10,230,8,212,1,0.81,0.8999999999999999,3,0,1.4899999999999998,0,0,19,Chelsea,61,52,17,9
9,Jorginho,Arsenal,Midfielder,5.4,34,42,894,0,2,0.09999999999999999,1.7500000000000002,4,11,8.4,0,1,175,12,171,1,0,0.5900000000000001,2,2,2.14,0,1,39,Wolves,46,51,6,8
9,Jorginho,Arsenal,Midfielder,5.4,34,42,894,0,2,0.09999999999999999,1.7500000000000002,4,11,8.4,0,1,175,12,171,1,0,0.5900000000000001,2,2,2.14,0,1,39,Chelsea,61,52,17,9
10,Kiwior,Arsenal,Defender,4.4,34,59,850,1,3,0.74,0.5700000000000001,5,8,4.970000000000001,0,1,233,6,65,0,0,0.03,1,0,0.71,0,0,20,Wolves,46,51,6,8
10,Kiwior,Arsenal,Defender,4.4,34,59,850,1,3,0.74,0.5700000000000001,5,8,4.970000000000001,0,1,233,6,65,0,0,0.03,1,0,0.71,0,0,20,Chelsea,61,52,17,9
12,Martinelli,Arsenal,Midfielder,7.8,34,111,1824,6,5,5.27,4.7299999999999995,10,20,12.98,0,6,372,4,76,0,0.1,0.25,0,2,1.25,0,0,16,Wolves,46,51,6,8
12,Martinelli,Arsenal,Midfielder,7.8,34,111,1824,6,5,5.27,4.7299999999999995,10,20,12.98,0,6,372,4,76,0,0.1,0.25,0,2,1.25,0,0,16,Chelsea,61,52,17,9
13,Nketiah,Arsenal,Forward,5.5,34,71,1065,5,4,4.65,0.5300000000000001,6,10,10.210000000000003,0,5,206,3,28,0,0.13,0.01,0,0,0.32,0,0,1,Wolves,46,51,6,8
13,Nketiah,Arsenal,Forward,5.5,34,71,1065,5,4,4.65,0.5300000000000001,6,10,10.210000000000003,0,5,206,3,28,0,0.13,0.01,0,0,0.32,0,0,1,Chelsea,61,52,17,9
14,Odegaard,Arsenal,Midfielder,8.5,34,148,2560,7,7,6.03,7.73,15,20,19.649999999999995,0,21,575,20,346,0,0.45999999999999996,0.84,4,0,2,0,3,69,Wolves,46,51,6,8
14,Odegaard,Arsenal,Midfielder,8.5,34,148,2560,7,7,6.03,7.73,15,20,19.649999999999995,0,21,575,20,346,0,0.45999999999999996,0.84,4,0,2,0,3,69,Chelsea,61,52,17,9
15,Thomas,Arsenal,Midfielder,4.8,34,13,366,0,0,0.07,0.35,2,2,2.98,0,0,82,4,90,0,0,0.1,1,0,0.33999999999999997,0,0,14,Wolves,46,51,6,8
15,Thomas,Arsenal,Midfielder,4.8,34,13,366,0,0,0.07,0.35,2,2,2.98,0,0,82,4,90,0,0,0.1,1,0,0.33999999999999997,0,0,14,Chelsea,61,52,17,9
17,Ramsdale,Arsenal,Goalkeeper,4.9,34,20,540,0,0,0,0.01,2,5,5.8100000000000005,9,0,90,0,0,0,0,0,0,0,0,0,0,0,Wolves,46,51,6,8
17,Ramsdale,Arsenal,Goalkeeper,4.9,34,20,540,0,0,0,0.01,2,5,5.8100000000000005,9,0,90,0,0,0,0,0,0,0,0,0,0,0,Chelsea,61,52,17,9
19,Saka,Arsenal,Midfielder,8.7,34,193,2495,14,10,13.060000000000002,9.59,12,25,20.54999999999999,0,25,668,15,230,0,1.53,0.51,2,2,2.26,0,2,44,Wolves,46,51,6,8
19,Saka,Arsenal,Midfielder,8.7,34,193,2495,14,10,13.060000000000002,9.59,12,25,20.54999999999999,0,25,668,15,230,0,1.53,0.51,2,2,2.26,0,2,44,Chelsea,61,52,17,9
20,Saliba,Arsenal,Defender,5.2,34,132,2880,2,1,1.54,0.8000000000000003,14,26,22.689999999999998,0,8,640,20,360,0,0,0.03,3,2,2.88,0,2,93,Wolves,46,51,6,8
20,Saliba,Arsenal,Defender,5.2,34,132,2880,2,1,1.54,0.8000000000000003,14,26,22.689999999999998,0,8,640,20,360,0,0,0.03,3,2,2.88,0,2,93,Chelsea,61,52,17,9
22,Smith Rowe,Arsenal,Midfielder,5.3,34,24,322,0,2,1.61,0.39,3,3,2.1000000000000005,0,0,72,7,95,1,0.26,0.04,1,2,0.83,0,0,25,Wolves,46,51,6,8
22,Smith Rowe,Arsenal,Midfielder,5.3,34,24,322,0,2,1.61,0.39,3,3,2.1000000000000005,0,0,72,7,95,1,0.26,0.04,1,2,0.83,0,0,25,Chelsea,61,52,17,9
25,Tomiyasu,Arsenal,Defender,4.5,34,42,709,1,1,0.53,0.45,3,7,8.540000000000001,0,3,161,3,81,0,0.05,0.04,0,2,1.29,0,0,14,Wolves,46,51,6,8
25,Tomiyasu,Arsenal,Defender,4.5,34,42,709,1,1,0.53,0.45,3,7,8.540000000000001,0,3,161,3,81,0,0.05,0.04,0,2,1.29,0,0,14,Chelsea,61,52,17,9
26,Trossard,Arsenal,Midfielder,6.6,34,100,1207,8,2,6.380000000000002,2.0400000000000005,7,9,9.24,0,8,280,13,200,0,1.02,0.16,2,0,1.06,0,0,42,Wolves,46,51,6,8
26,Trossard,Arsenal,Midfielder,6.6,34,100,1207,8,2,6.380000000000002,2.0400000000000005,7,9,9.24,0,8,280,13,200,0,1.02,0.16,2,0,1.06,0,0,42,Chelsea,61,52,17,9
29,White,Arsenal,Defender,5.5,34,141,2469,2,5,0.7900000000000001,3.03,14,23,19.319999999999997,0,11,632,22,336,0,0,0.17,4,0,2.15,0,0,89,Wolves,46,51,6,8
29,White,Arsenal,Defender,5.5,34,141,2469,2,5,0.7900000000000001,3.03,14,23,19.319999999999997,0,11,632,22,336,0,0,0.17,4,0,2.15,0,0,89,Chelsea,61,52,17,9
31,Zinchenko,Arsenal,Defender,4.9,34,102,1668,1,2,0.6000000000000001,2.59,9,15,12.29,0,16,453,16,230,0,0.11000000000000001,0.15,2,2,1.6099999999999999,0,3,71,Wolves,46,51,6,8
31,Zinchenko,Arsenal,Defender,4.9,34,102,1668,1,2,0.6000000000000001,2.59,9,15,12.29,0,16,453,16,230,0,0.11000000000000001,0.15,2,2,1.6099999999999999,0,3,71,Chelsea,61,52,17,9
113,Raya,Arsenal,Goalkeeper,4.8,34,105,2340,0,0,0,0.03,12,21,16.88,37,3,455,18,360,0,0,0.01,3,2,2.88,4,0,77,Wolves,46,51,6,8
113,Raya,Arsenal,Goalkeeper,4.8,34,105,2340,0,0,0,0.03,12,21,16.88,37,3,455,18,360,0,0,0.01,3,2,2.88,4,0,77,Chelsea,61,52,17,9
540,Rice,Arsenal,Midfielder,5.4,34,130,2685,6,5,2.38,3.7199999999999998,13,25,21.449999999999996,0,13,616,9,293,0,0.09,0.32,2,2,2.78,0,0,45,Wolves,46,51,6,8
540,Rice,Arsenal,Midfielder,5.4,34,130,2685,6,5,2.38,3.7199999999999998,13,25,21.449999999999996,0,13,616,9,293,0,0.09,0.32,2,2,2.78,0,0,45,Chelsea,61,52,17,9
585,J.Timber,Arsenal,Defender,4.7,34,0,49,0,0,0,0.01,0,0,0.28,0,0,3,0,0,0,0,0,0,0,0,0,0,0,Wolves,46,51,6,8
585,J.Timber,Arsenal,Defender,4.7,34,0,49,0,0,0,0.01,0,0,0.28,0,0,3,0,0,0,0,0,0,0,0,0,0,0,Chelsea,61,52,17,9
34,Bailey,AstonVilla,Midfielder,5.5,34,130,1723,9,10,5.129999999999999,6.05,5,26,29.31,0,8,424,17,326,1,0.66,0.47,1,5,6.08,0,0,62,Bournemouth,47,57,10,8
36,Cash,AstonVilla,Defender,4.7,34,58,1894,2,1,4.38,2.3099999999999996,3,32,31.2,0,4,309,1,45,0,0,0.02,0,0,0.79,0,0,4,Bournemouth,47,57,10,8
38,Coutinho,AstonVilla,Midfielder,5.8,34,2,24,0,0,0.15000000000000002,0.02,0,1,0.68,0,0,7,0,0,0,0,0,0,0,0,0,0,0,Bournemouth,47,57,10,8
41,Diego Carlos,AstonVilla,Defender,4.4,34,50,1521,0,0,0.8999999999999999,0.3400000000000001,6,26,25.629999999999995,0,1,295,12,360,0,0.32,0.05,2,7,7.95,0,0,70,Bournemouth,47,57,10,8
42,Digne,AstonVilla,Defender,4.6,34,80,1956,1,4,0.94,2.8999999999999995,6,29,31.75,0,5,374,14,324,1,0.21,0.14,1,7,7.430000000000001,0,3,60,Bournemouth,47,57,10,8
43,Douglas Luiz,AstonVilla,Midfielder,5.4,34,142,2661,9,5,6.57,4.38,6,47,44.96,0,25,628,6,333,0,0.22,0.6,1,7,7.370000000000001,0,0,33,Bournemouth,47,57,10,8
44,Duran,AstonVilla,Forward,5,34,33,335,3,1,1.46,0.15000000000000002,0,6,6.58,0,4,99,9,161,0,0.23,0.1,0,5,4.36,0,1,27,Bournemouth,47,57,10,8
47,Kamara,AstonVilla,Midfielder,5,34,40,1653,0,1,0.13,1.3900000000000001,7,22,24.679999999999996,0,1,247,0,0,0,0,0,0,0,0,0,0,0,Bournemouth,47,57,10,8
48,Konsa,AstonVilla,Defender,4.5,34,85,2620,1,1,2.45,0.9000000000000001,7,42,42.379999999999995,0,7,506,24,450,0,0.44,0.11,2,8,9.990000000000002,0,3,106,Bournemouth,47,57,10,8
49,Martinez,AstonVilla,Goalkeeper,4.9,34,111,2790,0,0,0,0.01,8,44,45.93,85,19,602,25,360,0,0,0,2,4,6.71,10,7,96,Bournemouth,47,57,10,8
50,McGinn,AstonVilla,Midfielder,5.5,34,108,2554,6,4,4.560000000000001,4.659999999999998,7,42,39.88999999999999,0,9,454,8,180,1,0.03,0.4,1,3,3.18,0,0,42,Bournemouth,47,57,10,8
51,Mings,AstonVilla,Defender,4.2,34,0,30,0,0,0.01,0.16,0,2,1.08,0,0,5,0,0,0,0,0,0,0,0,0,0,0,Bournemouth,47,57,10,8
53,Olsen,AstonVilla,Goalkeeper,4,34,4,180,0,0,0,0,0,5,4.01,8,0,37,2,90,0,0,0,0,4,3.28,7,0,25,Bournemouth,47,57,10,8
58,Tielemans,AstonVilla,Midfielder,5.8,34,66,1433,1,6,1.06,1.8400000000000005,4,23,27.939999999999994,0,1,273,16,387,2,0.05,0.29000000000000004,2,5,7.71,0,1,78,Bournemouth,47,57,10,8
59,Bertrand Traore,AstonVilla,Midfielder,5,34,2,10,0,0,0,0,0,0,0.77,0,0,6,0,0,0,0,0,0,0,0,0,0,0,Bournemouth,47,57,10,8
60,Watkins,AstonVilla,Forward,7.9,34,208,2794,19,15,15.470000000000002,3.5799999999999996,7,45,45.41,0,28,705,23,315,0,1.15,0.06999999999999999,1,4,6.180000000000001,0,4,84,Bournemouth,47,57,10,8
584,Pau,AstonVilla,Defender,4.5,34,79,2102,2,0,0.9500000000000001,0.6500000000000001,6,30,32.51999999999999,0,4,405,15,360,0,0.07,0.09,2,4,6.71,0,0,71,Bournemouth,47,57,10,8
599,Diaby,AstonVilla,Midfielder,6.6,34,122,1774,5,10,5.309999999999999,3.4799999999999986,7,29,27.849999999999994,0,8,365,24,255,2,0.21000000000000002,0.39999999999999997,2,3,5.969999999999999,0,3,78,Bournemouth,47,57,10,8
672,Zaniolo,AstonVilla,Midfielder,5.5,34,33,810,2,0,2.36,0.6600000000000001,2,13,13.919999999999998,0,0,32,12,230,0,0.4799999999999999,0.08,1,4,5.15,0,0,27,Bournemouth,47,57,10,8
699,Lenglet,AstonVilla,Defender,4.5,34,25,1063,0,1,0.81,0.51,2,22,20.970000000000002,0,0,197,1,135,0,0.1,0,0,5,4.529999999999999,0,0,22,Bournemouth,47,57,10,8
63,Billing,Bournemouth,Midfielder,5.3,34,57,1331,2,3,2.51,2.1100000000000003,2,34,27.24000000000001,0,3,218,5,102,0,0.34,0.12,1,3,1.63,0,0,16,AstonVilla,68,49,9,8
63,Billing,Bournemouth,Midfielder,5.3,34,57,1331,2,3,2.51,2.1100000000000003,2,34,27.24000000000001,0,3,218,5,102,0,0.34,0.12,1,3,1.63,0,0,16,Wolves,46,51,6,8
64,Brooks,Bournemouth,Midfielder,4.9,34,23,271,1,1,2.45,0.47000000000000003,0,7,6.080000000000001,0,2,71,0,0,0,0,0,0,0,0,0,0,0,AstonVilla,68,49,9,8
64,Brooks,Bournemouth,Midfielder,4.9,34,23,271,1,1,2.45,0.47000000000000003,0,7,6.080000000000001,0,2,71,0,0,0,0,0,0,0,0,0,0,0,Wolves,46,51,6,8
65,Christie,Bournemouth,Midfielder,5,34,75,2460,0,4,1.8800000000000003,4.519999999999999,6,49,40.709999999999994,0,5,358,6,270,0,0.13,0.55,1,4,2.69,0,0,34,AstonVilla,68,49,9,8
65,Christie,Bournemouth,Midfielder,5,34,75,2460,0,4,1.8800000000000003,4.519999999999999,6,49,40.709999999999994,0,5,358,6,270,0,0.13,0.55,1,4,2.69,0,0,34,Wolves,46,51,6,8
66,L.Cook,Bournemouth,Midfielder,5,34,63,2247,0,3,0.39,2.45,6,41,39.99999999999999,0,5,359,8,356,0,0.22,0.28,1,4,3.3,0,0,40,AstonVilla,68,49,9,8
66,L.Cook,Bournemouth,Midfielder,5,34,63,2247,0,3,0.39,2.45,6,41,39.99999999999999,0,5,359,8,356,0,0.22,0.28,1,4,3.3,0,0,40,Wolves,46,51,6,8
70,Kelly,Bournemouth,Defender,4.5,34,38,1268,0,1,0.31,0.68,3,27,19.73,0,5,235,13,258,1,0.12,0.5,1,4,3.1,0,2,63,AstonVilla,68,49,9,8
70,Kelly,Bournemouth,Defender,4.5,34,38,1268,0,1,0.31,0.68,3,27,19.73,0,5,235,13,258,1,0.12,0.5,1,4,3.1,0,2,63,Wolves,46,51,6,8
72,Kluivert,Bournemouth,Midfielder,4.8,34,82,1460,6,1,4.16,1.3800000000000003,8,17,22.31,0,2,204,22,240,1,1.27,0.25,2,2,2.16,0,0,61,AstonVilla,68,49,9,8
72,Kluivert,Bournemouth,Midfielder,4.8,34,82,1460,6,1,4.16,1.3800000000000003,8,17,22.31,0,2,204,22,240,1,1.27,0.25,2,2,2.16,0,0,61,Wolves,46,51,6,8
73,Lowe,SheffieldUtd,Defender,4.9,34,0,0,0,0,0,0,0,0,0,0,0,0,0,0,0,0,0,0,0,0,0,0,0,Burnley,33,68,6,6
73,Lowe,SheffieldUtd,Defender,4.9,34,0,0,0,0,0,0,0,0,0,0,0,0,0,0,0,0,0,0,0,0,0,0,0,ManUtd,47,48,10,9
75,Mepham,Bournemouth,Defender,4.3,34,16,613,0,1,0.09,0.17,1,16,10.34,0,0,113,2,90,0,0,0,0,1,1.12,0,0,15,AstonVilla,68,49,9,8
75,Mepham,Bournemouth,Defender,4.3,34,16,613,0,1,0.09,0.17,1,16,10.34,0,0,113,2,90,0,0,0,0,1,1.12,0,0,15,Wolves,46,51,6,8
76,Moore,Bournemouth,Forward,4.8,34,14,100,1,0,1.44,0.33,0,2,2.26,0,2,38,0,0,0,0,0,0,0,0,0,0,0,AstonVilla,68,49,9,8
76,Moore,Bournemouth,Forward,4.8,34,14,100,1,0,1.44,0.33,0,2,2.26,0,2,38,0,0,0,0,0,0,0,0,0,0,0,Wolves,46,51,6,8
77,N.Neto,Bournemouth,Goalkeeper,4.5,34,107,2700,0,0,0,0.01,7,50,46.319999999999986,108,14,565,13,360,0,0,0,1,5,3.8099999999999996,11,2,65,AstonVilla,68,49,9,8
77,N.Neto,Bournemouth,Goalkeeper,4.5,34,107,2700,0,0,0,0.01,7,50,46.319999999999986,108,14,565,13,360,0,0,0,1,5,3.8099999999999996,11,2,65,Wolves,46,51,6,8
81,Rothwell,Bournemouth,Midfielder,4.9,34,13,380,0,0,0.06,0.22,0,12,11.24,0,0,54,0,0,0,0,0,0,0,0,0,0,0,AstonVilla,68,49,9,8
81,Rothwell,Bournemouth,Midfielder,4.9,34,13,380,0,0,0.06,0.22,0,12,11.24,0,0,54,0,0,0,0,0,0,0,0,0,0,0,Wolves,46,51,6,8
82,Semenyo,Bournemouth,Forward,4.5,34,90,1622,7,4,3.9800000000000004,1.4400000000000002,6,25,25.310000000000002,0,11,311,7,203,1,0.33999999999999997,0.09,1,1,1.7200000000000002,0,0,19,AstonVilla,68,49,9,8
82,Semenyo,Bournemouth,Forward,4.5,34,90,1622,7,4,3.9800000000000004,1.4400000000000002,6,25,25.310000000000002,0,11,311,7,203,1,0.33999999999999997,0.09,1,1,1.7200000000000002,0,0,19,Wolves,46,51,6,8
83,Senesi,Bournemouth,Defender,4.4,34,78,1749,3,4,0.93,1.9100000000000004,4,36,32.230000000000004,0,10,366,9,94,2,0,0.05,0,3,1.69,0,2,37,AstonVilla,68,49,9,8
83,Senesi,Bournemouth,Defender,4.4,34,78,1749,3,4,0.93,1.9100000000000004,4,36,32.230000000000004,0,10,366,9,94,2,0,0.05,0,3,1.69,0,2,37,Wolves,46,51,6,8
85,Solanke,Bournemouth,Forward,6.4,34,156,2848,17,3,17.470000000000002,1.8500000000000005,8,53,47.03,0,20,493,18,353,0,1.32,0.19,2,4,3.33,0,3,63,AstonVilla,68,49,9,8
85,Solanke,Bournemouth,Forward,6.4,34,156,2848,17,3,17.470000000000002,1.8500000000000005,8,53,47.03,0,20,493,18,353,0,1.32,0.19,2,4,3.33,0,3,63,Wolves,46,51,6,8
86,Tavernier,Bournemouth,Midfielder,5.4,34,87,2037,3,4,3.7399999999999993,4.109999999999999,8,34,31.169999999999998,0,5,312,11,221,0,0.21000000000000002,0.41000000000000003,2,0,0.97,0,0,22,AstonVilla,68,49,9,8
86,Tavernier,Bournemouth,Midfielder,5.4,34,87,2037,3,4,3.7399999999999993,4.109999999999999,8,34,31.169999999999998,0,5,312,11,221,0,0.21000000000000002,0.41000000000000003,2,0,0.97,0,0,22,Wolves,46,51,6,8
87,Hamed Traorè,Bournemouth,Midfielder,4.8,34,3,44,0,0,0.16999999999999998,0.01,0,1,0.84,0,0,10,0,0,0,0,0,0,0,0,0,0,0,AstonVilla,68,49,9,8
87,Hamed Traorè,Bournemouth,Midfielder,4.8,34,3,44,0,0,0.16999999999999998,0.01,0,1,0.84,0,0,10,0,0,0,0,0,0,0,0,0,0,0,Wolves,46,51,6,8
89,Zabarnyi,Bournemouth,Defender,4.5,34,74,2880,1,0,1.1300000000000001,0.52,7,57,49.07999999999999,0,2,498,11,360,0,0,0.02,1,5,3.8099999999999996,0,1,61,AstonVilla,68,49,9,8
89,Zabarnyi,Bournemouth,Defender,4.5,34,74,2880,1,0,1.1300000000000001,0.52,7,57,49.07999999999999,0,2,498,11,360,0,0,0.02,1,5,3.8099999999999996,0,1,61,Wolves,46,51,6,8
595,Kerkez,Bournemouth,Defender,4.5,34,52,1708,0,1,1.08,0.7700000000000001,5,32,32.71,0,1,254,10,264,0,0.7100000000000001,0.14,1,3,2.49,0,0,40,AstonVilla,68,49,9,8
595,Kerkez,Bournemouth,Defender,4.5,34,52,1708,0,1,1.08,0.7700000000000001,5,32,32.71,0,1,254,10,264,0,0.7100000000000001,0.14,1,3,2.49,0,0,40,Wolves,46,51,6,8
643,Aarons,Bournemouth,Defender,4.5,34,25,1105,0,1,0.04,0.88,2,30,24.299999999999997,0,0,180,2,21,0,0.02,0.01,0,0,0.04,0,0,6,AstonVilla,68,49,9,8
643,Aarons,Bournemouth,Defender,4.5,34,25,1105,0,1,0.04,0.88,2,30,24.299999999999997,0,0,180,2,21,0,0.02,0.01,0,0,0.04,0,0,6,Wolves,46,51,6,8
705,Sinisterra,Bournemouth,Midfielder,5.5,34,43,685,2,2,2.62,1.03,1,18,11.39,0,2,149,1,38,0,0.03,0.07,0,1,0.31,0,0,3,AstonVilla,68,49,9,8
705,Sinisterra,Bournemouth,Midfielder,5.5,34,43,685,2,2,2.62,1.03,1,18,11.39,0,2,149,1,38,0,0.03,0.07,0,1,0.31,0,0,3,Wolves,46,51,6,8
90,Ajer,Brentford,Defender,4.5,34,53,1562,2,1,1.06,2.5599999999999996,3,32,27.799999999999997,0,3,265,23,360,0,0.32,0.17,1,6,5.790000000000001,0,2,81,Luton,46,70,5,11
96,Collins,Brentford,Defender,4.5,34,71,2289,1,1,1.59,0.8800000000000002,6,48,38.370000000000005,0,7,418,18,450,0,0.02,0.18000000000000002,2,6,6.630000000000001,0,2,88,Luton,46,70,5,11
98,Damsgaard,Brentford,Midfielder,4.9,34,35,555,0,4,0.6400000000000001,0.56,2,8,7.369999999999999,0,0,121,12,203,2,0.18000000000000002,0.05,1,4,2.8,0,0,39,Luton,46,70,5,11
99,Dasilva,Brentford,Midfielder,4.8,34,3,22,0,0,0,0.23,0,0,0.1,0,0,6,0,0,0,0,0,0,0,0,0,0,0,Luton,46,70,5,11
101,Flekken,Brentford,Goalkeeper,4.5,34,101,2835,0,1,0,0.13999999999999999,6,56,47.36000000000001,104,9,597,24,450,0,0,0.05,2,6,6.630000000000001,16,4,105,Luton,46,70,5,11
103,Henry,Brentford,Defender,4.5,34,13,401,0,1,0.07,0.9,1,5,5.12,0,0,74,0,0,0,0,0,0,0,0,0,0,0,Luton,46,70,5,11
104,Hickey,Brentford,Defender,4.5,34,17,713,0,0,0.20000000000000004,0.13,2,12,10.2,0,0,87,0,0,0,0,0,0,0,0,0,0,0,Luton,46,70,5,11
105,Janelt,Brentford,Midfielder,5.4,34,73,2678,0,3,1.54,2.6599999999999984,7,47,42.42000000000001,0,1,370,9,439,0,0.17,0.27,2,6,6.6,0,0,61,Luton,46,70,5,11
106,Jensen,Brentford,Midfielder,5.4,34,92,1940,3,4,0.61,4.26,8,40,32.28,0,10,383,14,429,0,0.02,0.93,2,6,5.83,0,2,66,Luton,46,70,5,11
107,Lewis-Potter,Brentford,Midfielder,4.8,34,58,1209,2,2,4.390000000000001,1.5400000000000003,3,29,18.9,0,1,166,9,214,0,1.07,0.36,2,2,2.02,0,0,28,Luton,46,70,5,11
108,Mbeumo,Brentford,Midfielder,6.9,34,100,1507,8,4,8.770000000000001,4.39,4,24,21.66,0,9,293,13,221,0,0.35,0.51,1,4,2.9899999999999998,0,0,43,Luton,46,70,5,11
109,Mee,Brentford,Defender,4.9,34,39,1272,2,1,1.5699999999999998,0.78,1,28,24.799999999999997,0,3,210,0,0,0,0,0,0,0,0,0,0,0,Luton,46,70,5,11
110,Norgaard,Brentford,Midfielder,5.5,34,63,2175,2,1,3.55,2.09,4,45,37.34,0,3,359,0,0,0,0,0,0,0,0,0,0,0,Luton,46,70,5,11
111,Onyeka,Brentford,Midfielder,4.9,34,38,1139,1,2,2.0900000000000003,1.4000000000000001,1,27,21.900000000000002,0,0,143,9,67,0,0.29,0,0,1,2.88,0,0,34,Luton,46,70,5,11
112,Pinnock,Brentford,Defender,4.5,34,60,2071,1,0,1.6400000000000003,0.81,4,39,32.489999999999995,0,5,399,1,1,0,0,0,0,0,0,0,0,3,Luton,46,70,5,11
115,Schade,Brentford,Midfielder,5.4,34,23,256,1,2,0.8,0.7,1,2,2.36,0,2,56,4,1,1,0,0.35,0,0,0,0,0,16,Luton,46,70,5,11
117,Toney,Brentford,Forward,7.9,34,48,1089,4,2,4.4399999999999995,1.4200000000000002,2,24,21.759999999999998,0,4,141,9,279,1,1.31,0.67,1,3,4.61,0,0,11,Luton,46,70,5,11
119,Wissa,Brentford,Forward,6,34,95,2206,8,2,9.309999999999999,1.4900000000000002,10,34,32.23,0,8,310,12,389,0,1.7300000000000002,0.09999999999999999,3,5,5.39,0,0,33,Luton,46,70,5,11
258,Maupay,Brentford,Forward,4.9,34,75,1393,6,3,6.860000000000001,1.98,4,35,25.350000000000005,0,6,249,3,95,0,0.41,0.07,1,1,1.21,0,0,1,Luton,46,70,5,11
122,Adingra,Brighton,Midfielder,5,34,86,1764,6,1,3.45,2.14,3,31,29.470000000000002,0,8,284,9,321,0,0.41000000000000003,0.35000000000000003,1,6,7.93,0,0,38,ManCity,76,32,14,5
128,Dahoud,Brighton,Midfielder,4.8,34,14,449,0,1,0.22000000000000003,0.54,1,6,5.16,0,0,68,0,0,0,0,0,0,0,0,0,0,0,ManCity,76,32,14,5
129,Dunk,Brighton,Defender,5,34,79,2464,3,1,3.0700000000000003,2.2199999999999993,4,44,42.870000000000005,0,10,487,12,360,0,0.07,0.09,1,6,8.219999999999999,0,2,83,ManCity,76,32,14,5
130,Enciso,Brighton,Midfielder,5.2,34,14,232,0,2,0.66,0.61,0,6,5.09,0,0,35,3,88,0,0.22999999999999998,0.01,0,2,2.58,0,0,2,ManCity,76,32,14,5
131,Estupinan,Brighton,Defender,5.3,34,57,1242,2,3,1,2.22,3,26,26.5,0,7,291,3,192,0,0.02,0.09,0,5,6.05,0,0,36,ManCity,76,32,14,5
132,Ferguson,Brighton,Forward,6,34,69,1356,6,1,4.49,0.7700000000000001,2,28,22.16,0,5,218,1,7,0,0,0,0,0,0.22,0,0,3,ManCity,76,32,14,5
133,Gilmour,Brighton,Midfielder,4.9,34,54,1775,0,3,0.8600000000000003,2.150000000000001,5,30,29.909999999999997,0,4,310,0,0,0,0,0,0,0,0,0,0,0,ManCity,76,32,14,5
134,Gross,Brighton,Midfielder,6.3,34,141,2572,4,11,5.4,7.600000000000001,6,38,42.59,0,29,640,9,360,0,0.13,0.7,1,6,8.219999999999999,0,1,66,ManCity,76,32,14,5
135,Joao Pedro,Brighton,Forward,5.4,34,88,1590,8,2,9.260000000000002,3.34,4,27,26.33,0,11,335,5,205,0,0.61,0.38999999999999996,1,2,2.88,0,0,13,ManCity,76,32,14,5
138,Lallana,Brighton,Midfielder,4.9,34,28,738,0,1,0.52,1.55,2,10,11.019999999999998,0,0,90,5,83,0,0.21,0.16999999999999998,1,0,0.7100000000000001,0,0,13,ManCity,76,32,14,5
139,Lamptey,Brighton,Defender,3.9,34,28,765,0,3,0.34,0.5800000000000001,1,16,11.13,0,0,128,3,175,0,0.06,0.1,0,5,5.52,0,0,14,ManCity,76,32,14,5
140,March,Brighton,Midfielder,6.5,34,39,555,3,1,2.1,0.97,2,11,10.5,0,6,134,0,0,0,0,0,0,0,0,0,0,0,ManCity,76,32,14,5
142,Milner,Brighton,Midfielder,4.9,34,28,770,0,2,0.29000000000000004,2.1799999999999997,4,12,12.809999999999999,0,0,146,0,0,0,0,0,0,0,0,0,0,0,ManCity,76,32,14,5
143,Mitoma,Brighton,Midfielder,6.6,34,74,1485,3,7,3.49,3.5599999999999996,1,27,24.640000000000008,0,7,252,0,0,0,0,0,0,0,0,0,0,0,ManCity,76,32,14,5
148,Steele,Brighton,Goalkeeper,4.4,34,41,1350,0,0,0,0,2,28,22.36,39,5,270,0,0,0,0,0,0,0,0,0,0,0,ManCity,76,32,14,5
150,Van Hecke,Brighton,Defender,4,34,61,2278,0,0,1.4200000000000002,0.9300000000000002,5,34,35.919999999999995,0,3,441,9,360,0,0.09,0.09,1,6,8.219999999999999,0,0,63,ManCity,76,32,14,5
151,Veltman,Brighton,Defender,4.4,34,36,1389,0,1,0.3,0.49000000000000005,2,28,23.77,0,0,258,8,265,0,0.07,0.07999999999999999,1,3,4.99,0,0,54,ManCity,76,32,14,5
152,Verbruggen,Brighton,Goalkeeper,4.4,34,54,1530,0,0,0,0,3,22,25.529999999999998,50,6,334,14,360,0,0,0,1,6,8.219999999999999,14,1,86,ManCity,76,32,14,5
153,Webster,Brighton,Defender,4.4,34,13,766,0,0,0.37,0.25,1,16,12.88,0,0,142,0,0,0,0,0,0,0,0,0,0,0,ManCity,76,32,14,5
154,Welbeck,Brighton,Forward,5.8,34,63,1281,4,3,3.85,1.2900000000000003,7,19,21.900000000000002,0,5,204,11,257,0,0.46,0.16999999999999998,0,5,7.1,0,1,35,ManCity,76,32,14,5
700,Ansu Fati,Brighton,Midfielder,6.5,34,31,495,2,1,3.4600000000000004,0.6000000000000001,1,11,7.180000000000001,0,1,78,2,27,0,0.1,0.11000000000000001,0,1,0.63,0,0,2,ManCity,76,32,14,5
157,Al-Dakhil,Burnley,Defender,4,34,19,1055,1,0,1.28,0.54,0,26,20.63,0,0,127,0,0,0,0,0,0,0,0,0,0,0,SheffieldUtd,30,84,8,12
159,Benson,Burnley,Midfielder,5.3,34,7,92,0,0,0.07,0.16999999999999998,0,4,3.4099999999999997,0,0,20,1,4,0,0.02,0,0,0,0,0,0,2,SheffieldUtd,30,84,8,12
160,Beyer,Burnley,Defender,4,34,30,1234,0,1,0.56,0.19,2,23,20.87,0,4,236,0,0,0,0,0,0,0,0,0,0,0,SheffieldUtd,30,84,8,12
161,Brownhill,Burnley,Midfielder,4.8,34,75,2118,4,2,1.73,1.8400000000000005,2,52,43.88,0,2,355,14,90,1,0.28,0.03,0,2,2.23,0,2,45,SheffieldUtd,30,84,8,12
163,Cork,Burnley,Midfielder,4.8,34,3,18,0,0,0,0.01,0,0,0.13,0,0,7,0,0,0,0,0,0,0,0,0,0,0,SheffieldUtd,30,84,8,12
165,Cullen,Burnley,Midfielder,5,34,47,1616,1,3,0.38000000000000006,2.04,0,38,32.51,0,3,288,18,450,1,0.21,0.9800000000000001,0,6,7.760000000000001,0,2,110,SheffieldUtd,30,84,8,12
168,Foster,Burnley,Forward,5,34,61,1465,4,3,2.54,0.9000000000000001,2,33,28.319999999999997,0,4,187,9,335,0,0.54,0.32,0,4,5.51,0,0,21,SheffieldUtd,30,84,8,12
170,Gudmundsson,Burnley,Midfielder,4.9,34,36,1074,0,2,0.8700000000000001,2.14,2,24,19.11,0,0,157,2,26,0,0,0,0,1,1.22,0,0,8,SheffieldUtd,30,84,8,12
173,O'Shea,Burnley,Defender,4.4,34,57,2442,2,4,0.5700000000000001,0.7300000000000001,2,61,50.03,0,2,399,14,336,1,0.07,0.17,0,5,7.140000000000001,0,1,55,SheffieldUtd,30,84,8,12
176,Roberts,Burnley,Defender,4.4,34,12,817,0,1,0,0.3500000000000001,0,23,19.909999999999997,0,0,111,0,0,0,0,0,0,0,0,0,0,0,SheffieldUtd,30,84,8,12
177,Rodriguez,Burnley,Forward,5.3,34,40,796,2,1,3.8200000000000003,0.06999999999999999,1,18,13.540000000000001,0,3,105,4,72,0,0.49,0,0,2,1.46,0,0,-2,SheffieldUtd,30,84,8,12
178,Taylor,Burnley,Defender,3.9,34,44,2075,1,1,0.25,1.5600000000000003,2,41,37.44,0,1,307,7,353,0,0.11,0.63,0,5,5.15,0,0,44,SheffieldUtd,30,84,8,12
182,Vitinho,Burnley,Defender,4.4,34,47,1946,0,1,1.1600000000000001,1.08,2,37,35.27000000000001,0,2,218,12,344,1,0.15,0.37,0,4,6.840000000000001,0,2,51,SheffieldUtd,30,84,8,12
475,Berge,Burnley,Midfielder,4.8,34,62,2552,1,1,1.9300000000000004,1.0300000000000002,2,60,54.29,0,3,343,9,450,0,0.18,0.21999999999999997,0,6,7.760000000000001,0,0,66,SheffieldUtd,30,84,8,12
594,Amdouni,Burnley,Forward,5.4,34,73,1834,4,1,4.13,1.1800000000000002,5,38,32.879999999999995,0,9,209,2,75,0,0.09,0.01,0,2,2.56,0,0,1,SheffieldUtd,30,84,8,12
596,Trafford,Burnley,Goalkeeper,4.5,34,70,2520,0,0,0,0.04,2,62,49.370000000000005,106,5,533,0,0,0,0,0,0,0,0,0,0,0,SheffieldUtd,30,84,8,12
600,Redmond,Burnley,Midfielder,4.8,34,11,132,0,0,0.03,0.37000000000000005,0,5,3.9200000000000004,0,0,38,0,0,0,0,0,0,0,0,0,0,0,SheffieldUtd,30,84,8,12
605,Koleosho,Burnley,Midfielder,5,34,40,972,1,2,1.9599999999999997,1.07,3,23,15.55,0,0,80,0,0,0,0,0,0,0,0,0,0,0,SheffieldUtd,30,84,8,12
608,Bruun Larsen,Burnley,Midfielder,4.9,34,63,920,4,0,3.6899999999999995,1.09,2,15,14.38,0,6,173,26,338,0,2.21,0.5700000000000001,1,4,5.040000000000001,0,6,68,SheffieldUtd,30,84,8,12
674,Delcroix,Burnley,Defender,4,34,7,584,0,0,0.35,0.12,0,25,15.91,0,0,88,0,0,0,0,0,0,0,0,0,0,0,SheffieldUtd,30,84,8,12
675,A.Ramsey,Burnley,Midfielder,5,34,18,522,0,0,0.35000000000000003,0.48000000000000004,0,17,11.330000000000002,0,0,62,0,0,0,0,0,0,0,0,0,0,0,SheffieldUtd,30,84,8,12
126,Caicedo,Chelsea,Midfielder,4.8,34,53,2262,0,1,0.32999999999999996,1.2500000000000004,5,39,35.64,0,0,328,8,322,0,0.08,0.21,1,6,5.460000000000001,0,0,43,Arsenal,75,26,7,3
145,Sanchez,Chelsea,Goalkeeper,4.6,34,59,1433,0,0,0,0,3,25,23.720000000000002,53,7,317,0,0,0,0,0,0,0,0,0,0,0,Arsenal,75,26,7,3
194,Chalobah,Chelsea,Defender,4.3,34,10,394,0,0,0,0.02,1,7,6.180000000000001,0,0,78,7,195,0,0,0.01,1,2,2.77,0,0,46,Arsenal,75,26,7,3
195,Chilwell,Chelsea,Defender,5.6,34,24,752,0,2,1.11,1.62,1,14,12.499999999999998,0,2,123,4,10,1,0.03,0,0,0,0.04,0,0,12,Arsenal,75,26,7,3
196,Chukwuemeka,Chelsea,Midfielder,4.4,34,16,222,1,1,0.12000000000000001,0.29000000000000004,0,5,4.6,0,0,53,3,53,0,0.02,0.02,0,1,0.79,0,0,6,Arsenal,75,26,7,3
197,Colwill,Chelsea,Defender,4.5,34,65,1794,1,1,1.2900000000000003,0.5300000000000001,5,26,28.430000000000007,0,4,355,0,0,0,0,0,0,0,0,0,0,0,Arsenal,75,26,7,3
198,Cucurella,Chelsea,Defender,4.8,34,26,1153,0,2,0.97,0.5000000000000001,2,22,19.35,0,1,200,15,360,2,0.12000000000000001,0.24,1,6,5.32,0,1,82,Arsenal,75,26,7,3
199,Enzo,Chelsea,Midfielder,5,34,75,2142,3,3,5.629999999999998,3.76,5,43,37.42999999999999,0,4,364,8,270,1,0.39,0.27,0,7,4.510000000000001,0,0,46,Arsenal,75,26,7,3
201,W.Fofana,Chelsea,Defender,4.4,34,0,0,0,0,0,0,0,0,0,0,0,0,0,0,0,0,0,0,0,0,0,0,0,Arsenal,75,26,7,3
202,Gallagher,Chelsea,Midfielder,5.4,34,99,2511,3,7,2.8399999999999994,3.04,6,45,40.82999999999999,0,8,496,16,329,1,0.52,0.32,1,6,5.460000000000001,0,0,82,Arsenal,75,26,7,3
203,Gusto,Chelsea,Defender,4.3,34,60,1613,0,5,0.8400000000000001,2.88,4,27,24.529999999999998,0,7,365,7,247,0,0.36,0.41,1,5,4.18,0,0,55,Arsenal,75,26,7,3
206,James,Chelsea,Defender,5.3,34,9,386,0,1,0.30000000000000004,1.01,0,12,10.200000000000001,0,0,95,0,0,0,0,0,0,0,0,0,0,0,Arsenal,75,26,7,3
208,Madueke,Chelsea,Midfielder,5.3,34,40,523,3,1,1.4600000000000002,1.0200000000000002,1,10,8.91,0,2,138,16,181,1,0.29000000000000004,0.38,1,2,2.43,0,1,53,Arsenal,75,26,7,3
210,Mudryk,Chelsea,Midfielder,6.3,34,77,1148,4,5,3.9799999999999995,2.69,5,21,18.17,0,5,236,10,247,1,0.77,0.9500000000000001,1,6,5.2,0,0,40,Arsenal,75,26,7,3
211,N.Jackson,Chelsea,Forward,6.9,34,107,2172,10,5,13.409999999999998,2.6800000000000006,6,38,36.13000000000001,0,9,345,20,357,2,1.1600000000000001,0.37000000000000005,1,6,5.29,0,2,68,Arsenal,75,26,7,3
212,Nkunku,Chelsea,Forward,7.3,34,19,317,2,0,1.9299999999999997,0.25,0,10,6.49,0,2,59,0,0,0,0,0,0,0,0,0,0,0,Arsenal,75,26,7,3
214,M.Sarr,Chelsea,Defender,4.4,34,0,0,0,0,0,0,0,0,0,0,0,0,0,0,0,0,0,0,0,0,0,0,0,Arsenal,75,26,7,3
216,Sterling,Chelsea,Midfielder,7.1,34,107,1847,6,8,6.120000000000001,4.06,5,34,30.029999999999998,0,6,274,5,36,1,0.57,0.32,0,1,0.46,0,0,13,Arsenal,75,26,7,3
217,T.Silva,Chelsea,Defender,5,34,82,2162,3,0,0.48999999999999994,0.4600000000000002,6,39,36.099999999999994,0,10,504,16,180,0,0.13,0.01,1,2,2.77,0,3,61,Arsenal,75,26,7,3
362,Palmer,Chelsea,Midfielder,4.9,34,208,2081,20,10,14.32,6.180000000000001,5,40,37.81,0,29,700,66,332,1,5.91,1.04,1,6,5.210000000000001,0,9,227,Arsenal,75,26,7,3
609,Maatsen,Chelsea,Midfielder,5.2,34,11,200,0,0,0.74,0.20000000000000004,0,5,5.07,0,0,24,0,0,0,0,0,0,0,0,0,0,0,Arsenal,75,26,7,3
611,Disasi,Chelsea,Defender,5.1,34,69,2480,2,0,1.43,1.4500000000000004,5,45,40.42999999999999,0,6,449,3,254,0,0.17,0.07,0,7,4.510000000000001,0,0,35,Arsenal,75,26,7,3
613,Ugochukwu,Chelsea,Midfielder,4.4,34,11,269,0,0,0,0.10999999999999999,1,6,6.7299999999999995,0,0,53,0,0,0,0,0,0,0,0,0,0,0,Arsenal,75,26,7,3
667,Lavia,Chelsea,Midfielder,4.9,34,1,32,0,0,0,0.01,0,0,0.33,0,0,2,0,0,0,0,0,0,0,0,0,0,0,Arsenal,75,26,7,3
219,Ahamada,CrystalPalace,Midfielder,4.4,34,16,228,0,0,0.31000000000000005,0.07,0,12,7.209999999999998,0,0,45,1,8,0,0.02,0.01,0,0,0.05,0,0,2,WestHam,52,58,7,9
219,Ahamada,CrystalPalace,Midfielder,4.4,34,16,228,0,0,0.31000000000000005,0.07,0,12,7.209999999999998,0,0,45,1,8,0,0.02,0.01,0,0,0.05,0,0,2,Newcastle,69,52,12,7
220,Andersen,CrystalPalace,Defender,4.7,34,96,2880,2,2,1.3700000000000003,1.6300000000000001,7,54,47.879999999999995,0,11,554,11,360,0,0.02,0.23,1,6,6.92,0,2,71,WestHam,52,58,7,9
220,Andersen,CrystalPalace,Defender,4.7,34,96,2880,2,2,1.3700000000000003,1.6300000000000001,7,54,47.879999999999995,0,11,554,11,360,0,0.02,0.23,1,6,6.92,0,2,71,Newcastle,69,52,12,7
221,J.Ayew,CrystalPalace,Midfielder,5.5,34,99,2364,4,6,3.89,2.4299999999999997,10,37,35.67,0,3,289,8,229,0,0.21000000000000002,0.03,1,5,4.8500000000000005,0,0,19,WestHam,52,58,7,9
221,J.Ayew,CrystalPalace,Midfielder,5.5,34,99,2364,4,6,3.89,2.4299999999999997,10,37,35.67,0,3,289,8,229,0,0.21000000000000002,0.03,1,5,4.8500000000000005,0,0,19,Newcastle,69,52,12,7
223,C.Doucoure,CrystalPalace,Midfielder,5,34,21,920,0,0,0.27999999999999997,0.76,3,12,13.76,0,0,141,0,0,0,0,0,0,0,0,0,0,0,WestHam,52,58,7,9
223,C.Doucoure,CrystalPalace,Midfielder,5,34,21,920,0,0,0.27999999999999997,0.76,3,12,13.76,0,0,141,0,0,0,0,0,0,0,0,0,0,0,Newcastle,69,52,12,7
225,Edouard,CrystalPalace,Forward,5.6,34,75,1445,7,0,6.249999999999999,0.7900000000000001,6,23,20.020000000000003,0,9,238,7,21,0,0.47,0.08,0,0,0.55,0,0,27,WestHam,52,58,7,9
225,Edouard,CrystalPalace,Forward,5.6,34,75,1445,7,0,6.249999999999999,0.7900000000000001,6,23,20.020000000000003,0,9,238,7,21,0,0.47,0.08,0,0,0.55,0,0,27,Newcastle,69,52,12,7
226,Eze,CrystalPalace,Midfielder,6.3,34,93,1634,7,3,6.77,4.35,5,26,28.089999999999993,0,7,346,19,319,1,1.31,1.03,1,4,5.890000000000001,0,2,64,WestHam,52,58,7,9
226,Eze,CrystalPalace,Midfielder,6.3,34,93,1634,7,3,6.77,4.35,5,26,28.089999999999993,0,7,346,19,319,1,1.31,1.03,1,4,5.890000000000001,0,2,64,Newcastle,69,52,12,7
228,Guehi,CrystalPalace,Defender,4.5,34,58,1913,0,1,0.5800000000000001,0.96,5,32,30.120000000000005,0,6,360,0,0,0,0,0,0,0,0,0,0,0,WestHam,52,58,7,9
228,Guehi,CrystalPalace,Defender,4.5,34,58,1913,0,1,0.5800000000000001,0.96,5,32,30.120000000000005,0,6,360,0,0,0,0,0,0,0,0,0,0,0,Newcastle,69,52,12,7
229,Hughes,CrystalPalace,Midfielder,4.9,34,44,1545,0,0,0.17,1.4100000000000001,6,36,27.61,0,0,187,8,236,0,0,0.16999999999999998,2,4,4.87,0,0,26,WestHam,52,58,7,9
229,Hughes,CrystalPalace,Midfielder,4.9,34,44,1545,0,0,0.17,1.4100000000000001,6,36,27.61,0,0,187,8,236,0,0,0.16999999999999998,2,4,4.87,0,0,26,Newcastle,69,52,12,7
230,Johnstone,CrystalPalace,Goalkeeper,4.5,34,68,1796,0,0,0,0,6,27,27.17,41,7,310,0,0,0,0,0,0,0,0,0,0,0,WestHam,52,58,7,9
230,Johnstone,CrystalPalace,Goalkeeper,4.5,34,68,1796,0,0,0,0,6,27,27.17,41,7,310,0,0,0,0,0,0,0,0,0,0,0,Newcastle,69,52,12,7
231,Lerma,CrystalPalace,Midfielder,4.8,34,63,2385,1,1,2.6099999999999994,1.7800000000000005,5,46,38.16,0,4,333,8,360,0,0.06,0.08,1,6,6.92,0,0,62,WestHam,52,58,7,9
231,Lerma,CrystalPalace,Midfielder,4.8,34,63,2385,1,1,2.6099999999999994,1.7800000000000005,5,46,38.16,0,4,333,8,360,0,0.06,0.08,1,6,6.92,0,0,62,Newcastle,69,52,12,7
232,Mateta,CrystalPalace,Forward,4.9,34,99,1839,7,5,6.890000000000001,1.1,5,41,35.160000000000004,0,10,293,18,342,0,1.8499999999999999,0.06999999999999999,1,6,6.42,0,3,52,WestHam,52,58,7,9
232,Mateta,CrystalPalace,Forward,4.9,34,99,1839,7,5,6.890000000000001,1.1,5,41,35.160000000000004,0,10,293,18,342,0,1.8499999999999999,0.06999999999999999,1,6,6.42,0,3,52,Newcastle,69,52,12,7
234,Mitchell,CrystalPalace,Defender,4.5,34,91,2691,1,3,0.58,1.8600000000000003,7,51,45.419999999999995,0,10,471,16,344,1,0,0.28,1,6,6.78,0,3,78,WestHam,52,58,7,9
234,Mitchell,CrystalPalace,Defender,4.5,34,91,2691,1,3,0.58,1.8600000000000003,7,51,45.419999999999995,0,10,471,16,344,1,0,0.28,1,6,6.78,0,3,78,Newcastle,69,52,12,7
236,Olise,CrystalPalace,Midfielder,5.8,34,76,837,6,3,3.2,3.01,1,16,13.23,0,14,282,4,83,0,0.08,0.15,1,0,1.4,0,0,13,WestHam,52,58,7,9
236,Olise,CrystalPalace,Midfielder,5.8,34,76,837,6,3,3.2,3.01,1,16,13.23,0,14,282,4,83,0,0.08,0.15,1,0,1.4,0,0,13,Newcastle,69,52,12,7
240,Schlupp,CrystalPalace,Midfielder,4.9,34,53,1303,1,2,1.6200000000000003,1.3900000000000001,4,24,21.939999999999998,0,1,160,6,83,1,0.04,0.17,0,3,1.7199999999999998,0,0,20,WestHam,52,58,7,9
240,Schlupp,CrystalPalace,Midfielder,4.9,34,53,1303,1,2,1.6200000000000003,1.3900000000000001,4,24,21.939999999999998,0,1,160,6,83,1,0.04,0.17,0,3,1.7199999999999998,0,0,20,Newcastle,69,52,12,7
241,Tomkins,CrystalPalace,Defender,4,34,2,5,0,0,0,0,0,2,0.78,0,0,9,0,0,0,0,0,0,0,0,0,0,0,WestHam,52,58,7,9
241,Tomkins,CrystalPalace,Defender,4,34,2,5,0,0,0,0,0,2,0.78,0,0,9,0,0,0,0,0,0,0,0,0,0,0,Newcastle,69,52,12,7
242,Ward,CrystalPalace,Defender,4.5,34,52,1975,0,1,0.8800000000000001,0.25,5,34,30.66,0,0,298,5,283,0,0,0.01,0,6,4.62,0,0,47,WestHam,52,58,7,9
242,Ward,CrystalPalace,Defender,4.5,34,52,1975,0,1,0.8800000000000001,0.25,5,34,30.66,0,0,298,5,283,0,0,0.01,0,6,4.62,0,0,47,Newcastle,69,52,12,7
657,Rak-Sakyi,CrystalPalace,Midfielder,4.5,34,8,132,0,0,0.41000000000000003,0.13999999999999999,1,3,3.21,0,0,21,0,0,0,0,0,0,0,0,0,0,0,WestHam,52,58,7,9
657,Rak-Sakyi,CrystalPalace,Midfielder,4.5,34,8,132,0,0,0.41000000000000003,0.13999999999999999,1,3,3.21,0,0,21,0,0,0,0,0,0,0,0,0,0,0,Newcastle,69,52,12,7
658,Gordon,Newcastle,Midfielder,4.5,34,0,0,0,0,0,0,0,0,0,0,0,0,0,0,0,0,0,0,0,0,0,0,0,CrystalPalace,37,54,5,7
245,Branthwaite,Everton,Defender,4,34,86,2576,2,0,1.4500000000000002,1.0900000000000003,8,41,41.190000000000005,0,7,479,8,326,0,0.11,0.08,1,7,6.319999999999999,0,0,52,NottmForest,42,58,8,8
245,Branthwaite,Everton,Defender,4,34,86,2576,2,0,1.4500000000000002,1.0900000000000003,8,41,41.190000000000005,0,7,479,8,326,0,0.11,0.08,1,7,6.319999999999999,0,0,52,Liverpool,72,31,8,6
246,Calvert-Lewin,Everton,Forward,5.8,34,79,1779,5,2,10.780000000000003,0.8100000000000002,10,25,26.320000000000007,0,7,185,17,201,0,1.6600000000000001,0.14,1,2,3.14,0,4,53,NottmForest,42,58,8,8
246,Calvert-Lewin,Everton,Forward,5.8,34,79,1779,5,2,10.780000000000003,0.8100000000000002,10,25,26.320000000000007,0,7,185,17,201,0,1.6600000000000001,0.14,1,2,3.14,0,4,53,Liverpool,72,31,8,6
249,A.Doucoure,Everton,Midfielder,5.5,34,95,2151,6,2,6.750000000000001,1.23,8,33,34.84,0,7,273,8,310,0,0.22000000000000003,0.21,1,8,6.4,0,0,11,NottmForest,42,58,8,8
249,A.Doucoure,Everton,Midfielder,5.5,34,95,2151,6,2,6.750000000000001,1.23,8,33,34.84,0,7,273,8,310,0,0.22000000000000003,0.21,1,8,6.4,0,0,11,Liverpool,72,31,8,6
250,Garner,Everton,Midfielder,4.9,34,75,2564,1,2,2.23,3.459999999999999,8,44,41.49,0,3,375,6,254,0,0.04,0.16,1,6,4.49,0,0,19,NottmForest,42,58,8,8
250,Garner,Everton,Midfielder,4.9,34,75,2564,1,2,2.23,3.459999999999999,8,44,41.49,0,3,375,6,254,0,0.04,0.16,1,6,4.49,0,0,19,Liverpool,72,31,8,6
252,Godfrey,Everton,Defender,4.4,34,23,850,0,0,1.49,0.53,2,12,14.870000000000001,0,0,111,4,180,0,0,0.04,0,3,4.050000000000001,0,0,25,NottmForest,42,58,8,8
252,Godfrey,Everton,Defender,4.4,34,23,850,0,0,1.49,0.53,2,12,14.870000000000001,0,0,111,4,180,0,0,0.04,0,3,4.050000000000001,0,0,25,Liverpool,72,31,8,6
254,Gana,Everton,Midfielder,4.9,34,35,1385,1,0,1.03,0.5900000000000001,3,22,21.769999999999996,0,2,203,2,81,0,0,0.01,0,1,2.49,0,0,11,NottmForest,42,58,8,8
254,Gana,Everton,Midfielder,4.9,34,35,1385,1,0,1.03,0.5900000000000001,3,22,21.769999999999996,0,2,203,2,81,0,0,0.01,0,1,2.49,0,0,11,Liverpool,72,31,8,6
257,Keane,Everton,Defender,4.4,34,17,436,1,0,0.56,0.060000000000000005,1,13,10.809999999999999,0,2,69,-1,33,0,0,0,0,2,1.2,0,0,0,NottmForest,42,58,8,8
257,Keane,Everton,Defender,4.4,34,17,436,1,0,0.56,0.060000000000000005,1,13,10.809999999999999,0,2,69,-1,33,0,0,0,0,2,1.2,0,0,0,Liverpool,72,31,8,6
259,McNeil,Everton,Midfielder,5.4,34,95,2373,2,6,2.8799999999999994,6.269999999999999,8,36,37.11,0,6,393,11,360,1,0.17,1.06,1,9,7.52,0,0,50,NottmForest,42,58,8,8
259,McNeil,Everton,Midfielder,5.4,34,95,2373,2,6,2.8799999999999994,6.269999999999999,8,36,37.11,0,6,393,11,360,1,0.17,1.06,1,9,7.52,0,0,50,Liverpool,72,31,8,6
260,Mykolenko,Everton,Defender,4.3,34,94,2334,2,1,1.4700000000000004,1.0500000000000003,8,37,37.83,0,9,420,9,270,0,0.02,0.14,1,7,5.96,0,2,40,NottmForest,42,58,8,8
260,Mykolenko,Everton,Defender,4.3,34,94,2334,2,1,1.4700000000000004,1.0500000000000003,8,37,37.83,0,9,420,9,270,0,0.02,0.14,1,7,5.96,0,2,40,Liverpool,72,31,8,6
261,Onana,ManUtd,Goalkeeper,4.9,34,58,1843,2,0,2.03,1.3100000000000005,4,36,32.660000000000004,0,5,266,4,183,0,0.03,0.13,0,6,4.33,0,0,19,SheffieldUtd,30,84,8,12
262,Patterson,Everton,Defender,4.5,34,34,1000,0,2,0.33999999999999997,1.03,2,21,20.6,0,3,187,0,46,0,0,0.01,0,2,1.6,0,0,6,NottmForest,42,58,8,8
262,Patterson,Everton,Defender,4.5,34,34,1000,0,2,0.33999999999999997,1.03,2,21,20.6,0,3,187,0,46,0,0,0.01,0,2,1.6,0,0,6,Liverpool,72,31,8,6
263,Pickford,Everton,Goalkeeper,4.4,34,113,2880,0,0,0,0.4100000000000001,9,48,47.77,98,14,581,13,360,0,0,0.06999999999999999,1,9,7.52,12,2,70,NottmForest,42,58,8,8
263,Pickford,Everton,Goalkeeper,4.4,34,113,2880,0,0,0,0.4100000000000001,9,48,47.77,98,14,581,13,360,0,0,0.06999999999999999,1,9,7.52,12,2,70,Liverpool,72,31,8,6
265,Tarkowski,Everton,Defender,4.4,34,88,2880,1,1,2.35,2.5000000000000004,9,48,47.400000000000006,0,6,513,4,360,0,0.25,0.5700000000000001,1,9,7.52,0,0,43,NottmForest,42,58,8,8
265,Tarkowski,Everton,Defender,4.4,34,88,2880,1,1,2.35,2.5000000000000004,9,48,47.400000000000006,0,6,513,4,360,0,0.25,0.5700000000000001,1,9,7.52,0,0,43,Liverpool,72,31,8,6
588,Young,Everton,Defender,4.4,34,53,1806,0,1,0.63,1.4300000000000004,6,31,31.160000000000004,0,2,275,10,280,1,0.19,0.08,1,8,5.96,0,0,43,NottmForest,42,58,8,8
588,Young,Everton,Defender,4.4,34,53,1806,0,1,0.63,1.4300000000000004,6,31,31.160000000000004,0,2,275,10,280,1,0.19,0.08,1,8,5.96,0,0,43,Liverpool,72,31,8,6
601,Danjuma,Everton,Midfielder,5.5,34,26,587,1,0,2.6300000000000003,0.42000000000000004,2,10,9.740000000000002,0,0,53,0,0,0,0,0,0,0,0,0,0,0,NottmForest,42,58,8,8
601,Danjuma,Everton,Midfielder,5.5,34,26,587,1,0,2.6300000000000003,0.42000000000000004,2,10,9.740000000000002,0,0,53,0,0,0,0,0,0,0,0,0,0,0,Liverpool,72,31,8,6
624,Dobbin,Everton,Midfielder,4.5,34,17,205,1,0,0.33999999999999997,0.12,1,3,3.4299999999999997,0,0,53,0,0,0,0,0,0,0,0,0,0,0,NottmForest,42,58,8,8
624,Dobbin,Everton,Midfielder,4.5,34,17,205,1,0,0.33999999999999997,0.12,1,3,3.4299999999999997,0,0,53,0,0,0,0,0,0,0,0,0,0,0,Liverpool,72,31,8,6
645,Y. Chermiti,Everton,Forward,4.9,34,10,68,0,0,0.5800000000000001,0.04,0,3,2.52,0,0,17,0,8,0,0,0,0,0,0.05,0,0,-2,NottmForest,42,58,8,8
645,Y. Chermiti,Everton,Forward,4.9,34,10,68,0,0,0.5800000000000001,0.04,0,3,2.52,0,0,17,0,8,0,0,0,0,0,0.05,0,0,-2,Liverpool,72,31,8,6
650,Onyango,Everton,Midfielder,4.5,34,1,1,0,0,0,0,0,0,0,0,0,3,0,0,0,0,0,0,0,0,0,0,0,NottmForest,42,58,8,8
650,Onyango,Everton,Midfielder,4.5,34,1,1,0,0,0,0,0,0,0,0,0,3,0,0,0,0,0,0,0,0,0,0,0,Liverpool,72,31,8,6
691,Beto,Everton,Forward,6,34,47,899,3,0,6.459999999999999,0.27,2,20,17.61,0,3,98,13,168,0,1.96,0,0,8,4.38,0,3,26,NottmForest,42,58,8,8
691,Beto,Everton,Forward,6,34,47,899,3,0,6.459999999999999,0.27,2,20,17.61,0,3,98,13,168,0,1.96,0,0,8,4.38,0,3,26,Liverpool,72,31,8,6
256,Iwobi,Fulham,Midfielder,5.4,34,91,1887,5,2,5.01,3.5599999999999996,6,31,29.650000000000002,0,9,360,14,349,1,0.44000000000000006,1.0899999999999999,2,6,6.16,0,0,57,Liverpool,72,31,8,6
267,Andreas,Fulham,Midfielder,5.5,34,117,2290,3,9,4.300000000000001,5.220000000000001,12,34,38.04999999999999,0,7,424,32,362,2,2.3899999999999997,1.48,3,6,6.330000000000001,0,4,116,Liverpool,72,31,8,6
268,Cairney,Fulham,Midfielder,4.9,34,66,1373,1,6,0.9500000000000002,2.4,4,22,26.91,0,2,332,8,137,1,0.21000000000000002,0.16999999999999998,1,1,1.1,0,0,39,Liverpool,72,31,8,6
270,De Cordova-Reid,Fulham,Midfielder,5.5,34,84,1202,6,3,3.9899999999999998,0.98,2,26,25.509999999999994,0,7,271,8,48,0,0.33,0.01,0,0,0.54,0,0,26,Liverpool,72,31,8,6
271,Diop,Fulham,Defender,4.5,34,38,1153,0,0,0.18,0.4,4,21,27.52,0,3,219,0,0,0,0,0,0,0,0,0,0,0,Liverpool,72,31,8,6
275,Leno,Fulham,Goalkeeper,4.6,34,119,2970,0,0,0,0,9,51,56.12,116,15,678,21,450,0,0,0,2,7,7.27,15,2,110,Liverpool,72,31,8,6
276,Lukic,Fulham,Midfielder,4.5,34,37,928,1,0,1.4200000000000002,0.39,4,16,20.9,0,0,129,14,289,0,0.63,0.06,2,4,4.8,0,0,50,Liverpool,72,31,8,6
280,J.Palhinha,Fulham,Midfielder,5,34,80,2290,4,1,3.2500000000000004,0.7200000000000001,7,38,41.99999999999999,0,8,324,17,424,0,0.97,0.19,2,7,7.04,0,1,59,Liverpool,72,31,8,6
281,Ream,Fulham,Defender,4.5,34,39,1413,1,0,0.96,0.16,3,29,31.919999999999998,0,4,252,0,0,0,0,0,0,0,0,0,0,0,Liverpool,72,31,8,6
282,Reed,Fulham,Midfielder,4.8,34,40,1159,0,1,0.19000000000000003,1.37,5,21,23.049999999999994,0,0,174,2,29,0,0,0.17,0,0,0.52,0,0,9,Liverpool,72,31,8,6
283,Robinson,Fulham,Defender,4.5,34,95,2828,0,6,0.62,3.6299999999999994,8,50,54.29,0,7,587,21,450,1,0.07,0.98,2,7,7.27,0,2,105,Liverpool,72,31,8,6
285,Tete,Fulham,Defender,4.5,34,26,773,1,0,0.86,0.41000000000000003,2,19,20.86,0,0,152,3,103,0,0.08,0.12,0,3,1.8,0,0,22,Liverpool,72,31,8,6
286,Tosin,Fulham,Defender,4.4,34,66,1526,2,0,0.78,0.32000000000000006,6,22,27.17,0,2,314,22,444,0,0.19,0.06,2,7,7.27,0,0,98,Liverpool,72,31,8,6
288,H.Wilson,Fulham,Midfielder,5.4,34,75,1472,3,5,3.18,2.449999999999999,5,25,29.73,0,3,249,4,91,0,0.28,0.2,0,3,1.42,0,0,14,Liverpool,72,31,8,6
558,Raul,Fulham,Forward,5.4,34,58,1274,5,0,4.68,0.8700000000000001,4,27,35.3,0,10,180,3,35,0,0.04,0.17,0,0,2.4000000000000004,0,0,4,Liverpool,72,31,8,6
591,Willian,Fulham,Midfielder,5.3,34,89,1918,4,3,5.090000000000002,4.66,8,26,33.040000000000006,0,6,377,12,391,0,0.5900000000000001,1.2,3,4,6.16,0,0,73,Liverpool,72,31,8,6
610,Bassey,Fulham,Defender,4.5,34,57,1849,1,0,0.37,0.15,5,32,32.81,0,4,362,16,450,0,0.14,0.05,2,7,7.27,0,1,95,Liverpool,72,31,8,6
662,Adama,Fulham,Midfielder,5,34,23,209,1,2,1.29,0.63,0,8,7.54,0,0,70,7,110,1,0.14,0.36999999999999994,0,4,2.39,0,0,24,Liverpool,72,31,8,6
683,Harris,Fulham,Midfielder,4.5,34,2,74,0,0,0.28,0.01,0,5,2.26,0,0,2,0,0,0,0,0,0,0,0,0,0,0,Liverpool,72,31,8,6
688,Castagne,Fulham,Defender,4.5,34,86,2269,0,2,1.1,1.5800000000000003,8,32,35.16,0,6,433,19,345,1,0.08,0.43,2,4,5.47,0,1,80,Liverpool,72,31,8,6
290,Alexander-Arnold,Liverpool,Defender,7.9,34,104,1664,2,5,2.01,4.589999999999999,7,18,20.730000000000004,0,18,481,1,42,0,0.03,0.08,0,0,0.65,0,0,8,Fulham,49,51,9,7
290,Alexander-Arnold,Liverpool,Defender,7.9,34,104,1664,2,5,2.01,4.589999999999999,7,18,20.730000000000004,0,18,481,1,42,0,0.03,0.08,0,0,0.65,0,0,8,Everton,32,48,3,11
291,A.Becker,Liverpool,Goalkeeper,5.5,34,90,1980,0,0,0,0,7,20,27.540000000000003,61,9,463,3,90,0,0,0,0,1,1.87,3,0,20,Fulham,49,51,9,7
291,A.Becker,Liverpool,Goalkeeper,5.5,34,90,1980,0,0,0,0,7,20,27.540000000000003,61,9,463,3,90,0,0,0,0,1,1.87,3,0,20,Everton,32,48,3,11
292,Bajcetic,Liverpool,Midfielder,4.8,34,0,0,0,0,0,0,0,0,0,0,0,0,0,0,0,0,0,0,0,0,0,0,0,Fulham,49,51,9,7
292,Bajcetic,Liverpool,Midfielder,4.8,34,0,0,0,0,0,0,0,0,0,0,0,0,0,0,0,0,0,0,0,0,0,0,0,Everton,32,48,3,11
293,Darwin,Liverpool,Forward,7.4,34,126,1867,11,11,15.149999999999995,4.2299999999999995,6,20,22.890000000000004,0,9,391,15,304,1,1.47,0.7399999999999999,0,5,2.45,0,0,41,Fulham,49,51,9,7
293,Darwin,Liverpool,Forward,7.4,34,126,1867,11,11,15.149999999999995,4.2299999999999995,6,20,22.890000000000004,0,9,391,15,304,1,1.47,0.7399999999999999,0,5,2.45,0,0,41,Everton,32,48,3,11
294,Diogo J.,Liverpool,Midfielder,7.8,34,98,1068,9,6,4.9,1.7200000000000004,5,10,14.72,0,5,297,1,24,0,0.49,0.01,0,0,0.57,0,0,2,Fulham,49,51,9,7
294,Diogo J.,Liverpool,Midfielder,7.8,34,98,1068,9,6,4.9,1.7200000000000004,5,10,14.72,0,5,297,1,24,0,0.49,0.01,0,0,0.57,0,0,2,Everton,32,48,3,11
295,Elliott,Liverpool,Midfielder,4.8,34,66,887,2,5,1.5300000000000002,3.1399999999999997,3,7,13.059999999999999,0,6,274,7,66,1,0.2,0.38,0,0,0.5900000000000001,0,0,30,Fulham,49,51,9,7
295,Elliott,Liverpool,Midfielder,4.8,34,66,887,2,5,1.5300000000000002,3.1399999999999997,3,7,13.059999999999999,0,6,274,7,66,1,0.2,0.38,0,0,0.5900000000000001,0,0,30,Everton,32,48,3,11
297,Gakpo,Liverpool,Forward,7.3,34,79,1214,6,3,6.35,1.61,4,14,18.05,0,9,291,10,64,0,0.23,0.87,0,0,1.01,0,3,52,Fulham,49,51,9,7
297,Gakpo,Liverpool,Forward,7.3,34,79,1214,6,3,6.35,1.61,4,14,18.05,0,9,291,10,64,0,0.23,0.87,0,0,1.01,0,3,52,Everton,32,48,3,11
298,Gomez,Liverpool,Defender,4.5,34,69,1628,0,1,0.8900000000000003,1.0200000000000002,7,14,22.450000000000003,0,2,348,4,186,0,0.1,0.39,0,3,1.47,0,0,31,Fulham,49,51,9,7
298,Gomez,Liverpool,Defender,4.5,34,69,1628,0,1,0.8900000000000003,1.0200000000000002,7,14,22.450000000000003,0,2,348,4,186,0,0.1,0.39,0,3,1.47,0,0,31,Everton,32,48,3,11
300,Jones,Liverpool,Midfielder,4.9,34,36,1071,1,1,2.62,0.9600000000000001,2,15,18.090000000000003,0,2,157,2,122,0,0.72,0.19,0,2,2.31,0,0,5,Fulham,49,51,9,7
300,Jones,Liverpool,Midfielder,4.9,34,36,1071,1,1,2.62,0.9600000000000001,2,15,18.090000000000003,0,2,157,2,122,0,0.72,0.19,0,2,2.31,0,0,5,Everton,32,48,3,11
302,Konate,Liverpool,Defender,4.9,34,55,1508,0,0,0.7,0.4600000000000001,6,17,20.660000000000004,0,2,306,4,180,0,0.25,0.05,0,2,2.46,0,0,25,Fulham,49,51,9,7
302,Konate,Liverpool,Defender,4.9,34,55,1508,0,0,0.7,0.4600000000000001,6,17,20.660000000000004,0,2,306,4,180,0,0.25,0.05,0,2,2.46,0,0,25,Everton,32,48,3,11
303,Luis Diaz,Liverpool,Midfielder,7.6,34,127,2165,8,6,10.559999999999999,3.5800000000000005,6,26,28.890000000000004,0,9,365,25,333,1,1.96,1.03,0,5,2.99,0,4,81,Fulham,49,51,9,7
303,Luis Diaz,Liverpool,Midfielder,7.6,34,127,2165,8,6,10.559999999999999,3.5800000000000005,6,26,28.890000000000004,0,9,365,25,333,1,1.96,1.03,0,5,2.99,0,4,81,Everton,32,48,3,11
304,Mac Allister,Liverpool,Midfielder,5.9,34,92,2171,4,5,2.56,3.9400000000000004,5,26,30.45,0,11,438,18,360,1,0.57,0.81,0,5,3.6100000000000003,0,3,81,Fulham,49,51,9,7
304,Mac Allister,Liverpool,Midfielder,5.9,34,92,2171,4,5,2.56,3.9400000000000004,5,26,30.45,0,11,438,18,360,1,0.57,0.81,0,5,3.6100000000000003,0,3,81,Everton,32,48,3,11
305,Matip,Liverpool,Defender,4.9,34,21,779,0,0,0.4800000000000001,0.10999999999999999,2,9,11.209999999999999,0,0,145,0,0,0,0,0,0,0,0,0,0,0,Fulham,49,51,9,7
305,Matip,Liverpool,Defender,4.9,34,21,779,0,0,0.4800000000000001,0.10999999999999999,2,9,11.209999999999999,0,0,145,0,0,0,0,0,0,0,0,0,0,0,Everton,32,48,3,11
306,Phillips,ManCity,Midfielder,4,34,0,0,0,0,0,0,0,0,0,0,0,0,0,0,0,0,0,0,0,0,0,0,0,Brighton,52,50,3,6
307,Robertson,Liverpool,Defender,6.6,34,43,1273,1,2,0.82,2.75,1,17,19.440000000000005,0,3,316,7,210,1,0.14,0.66,0,3,2.58,0,0,57,Fulham,49,51,9,7
307,Robertson,Liverpool,Defender,6.6,34,43,1273,1,2,0.82,2.75,1,17,19.440000000000005,0,3,316,7,210,1,0.14,0.66,0,3,2.58,0,0,57,Everton,32,48,3,11
308,Salah,Liverpool,Midfielder,12.5,34,186,2144,17,9,17.740000000000002,6.72,7,23,25.700000000000006,0,24,552,18,329,0,3.21,0.7000000000000001,0,5,3.6100000000000003,0,1,49,Fulham,49,51,9,7
308,Salah,Liverpool,Midfielder,12.5,34,186,2144,17,9,17.740000000000002,6.72,7,23,25.700000000000006,0,24,552,18,329,0,3.21,0.7000000000000001,0,5,3.6100000000000003,0,1,49,Everton,32,48,3,11
309,Szoboszlai,Liverpool,Midfielder,7,34,92,2005,3,4,3.25,4.8999999999999995,8,19,23.419999999999998,0,7,411,7,272,0,0.9800000000000001,0.92,0,3,1.9500000000000002,0,0,41,Fulham,49,51,9,7
309,Szoboszlai,Liverpool,Midfielder,7,34,92,2005,3,4,3.25,4.8999999999999995,8,19,23.419999999999998,0,7,411,7,272,0,0.9800000000000001,0.92,0,3,1.9500000000000002,0,0,41,Everton,32,48,3,11
310,Thiago,Liverpool,Midfielder,4.8,34,1,5,0,0,0,0,0,1,0.03,0,0,3,0,0,0,0,0,0,0,0,0,0,0,Fulham,49,51,9,7
310,Thiago,Liverpool,Midfielder,4.8,34,1,5,0,0,0,0,0,1,0.03,0,0,3,0,0,0,0,0,0,0,0,0,0,0,Everton,32,48,3,11
311,Tsimikas,Liverpool,Defender,4.4,34,47,669,0,3,0.09,1.2600000000000002,4,7,8.42,0,4,199,0,0,0,0,0,0,0,0,0,0,0,Fulham,49,51,9,7
311,Tsimikas,Liverpool,Defender,4.4,34,47,669,0,3,0.09,1.2600000000000002,4,7,8.42,0,4,199,0,0,0,0,0,0,0,0,0,0,0,Everton,32,48,3,11
313,Virgil,Liverpool,Defender,6,34,106,2637,2,2,2.3299999999999996,0.9700000000000002,8,30,38.05,0,8,565,6,360,0,0.19,0.11000000000000001,0,5,3.6100000000000003,0,0,49,Fulham,49,51,9,7
313,Virgil,Liverpool,Defender,6,34,106,2637,2,2,2.3299999999999996,0.9700000000000002,8,30,38.05,0,8,565,6,360,0,0.19,0.11000000000000001,0,5,3.6100000000000003,0,0,49,Everton,32,48,3,11
628,Doak,Liverpool,Midfielder,4.4,34,1,13,0,0,0,0,0,0,0.14,0,0,3,0,0,0,0,0,0,0,0,0,0,0,Fulham,49,51,9,7
628,Doak,Liverpool,Midfielder,4.4,34,1,13,0,0,0,0,0,0,0.14,0,0,3,0,0,0,0,0,0,0,0,0,0,0,Everton,32,48,3,11
668,Endo,Liverpool,Midfielder,5.5,34,36,1290,1,0,0.4700000000000001,1.37,4,12,16.95,0,0,182,4,203,0,0.15,0.06999999999999999,0,4,1.98,0,0,21,Fulham,49,51,9,7
668,Endo,Liverpool,Midfielder,5.5,34,36,1290,1,0,0.4700000000000001,1.37,4,12,16.95,0,0,182,4,203,0,0.15,0.06999999999999999,0,4,1.98,0,0,21,Everton,32,48,3,11
708,Gravenberch,Liverpool,Midfielder,5,34,30,897,0,0,1.6100000000000003,0.9400000000000001,3,11,12.86,0,0,115,2,60,0,0.08,0.03,0,1,0.59,0,0,8,Fulham,49,51,9,7
708,Gravenberch,Liverpool,Midfielder,5,34,30,897,0,0,1.6100000000000003,0.9400000000000001,3,11,12.86,0,0,115,2,60,0,0.08,0.03,0,1,0.59,0,0,8,Everton,32,48,3,11
52,Nakamba,Luton,Midfielder,4.4,34,21,1131,0,0,0.18,0.49,0,24,26.259999999999994,0,0,131,0,0,0,0,0,0,0,0,0,0,0,Brentford,47,58,7,6
314,Adebayo,Luton,Forward,4.8,34,80,1149,9,1,4.93,0.44000000000000006,2,28,23.989999999999995,0,6,264,0,0,0,0,0,0,0,0,0,0,0,Brentford,47,58,7,6
315,M.Andersen,Luton,Defender,4,34,15,397,1,0,0.26,0,0,6,7.640000000000001,0,1,75,0,0,0,0,0,0,0,0,0,0,0,Brentford,47,58,7,6
316,Bell,Luton,Defender,4,34,35,1720,0,0,0.38,0.43000000000000005,2,41,38.67999999999999,0,3,263,0,0,0,0,0,0,0,0,0,0,0,Brentford,47,58,7,6
318,Burke,Luton,Defender,4,34,34,1348,0,3,1.83,0.76,1,29,29.75,0,2,209,9,315,1,0,0.54,0,7,7.569999999999999,0,2,53,Brentford,47,58,7,6
321,Doughty,Luton,Defender,4.4,34,90,2480,1,9,1.3,4.839999999999999,2,59,58.129999999999995,0,11,492,6,397,0,0.30000000000000004,0.10999999999999999,0,10,9.309999999999999,0,0,60,Brentford,47,58,7,6
324,McAtee,SheffieldUtd,Midfielder,4.5,34,0,0,0,0,0,0,0,0,0,0,0,0,0,0,0,0,0,0,0,0,0,0,0,Burnley,33,68,6,6
324,McAtee,SheffieldUtd,Midfielder,4.5,34,0,0,0,0,0,0,0,0,0,0,0,0,0,0,0,0,0,0,0,0,0,0,0,ManUtd,47,48,10,9
326,Morris,Luton,Forward,5.5,34,129,2409,9,6,9.52,1.3500000000000003,3,57,57.10999999999999,0,17,390,16,450,0,0.7899999999999999,0.1,0,11,10.11,0,2,44,Brentford,47,58,7,6
328,Ogbene,Luton,Forward,4.9,34,75,1895,4,2,4.3500000000000005,3.4899999999999998,2,42,44.559999999999995,0,7,359,2,90,0,0.04,0.27,0,1,1.71,0,0,12,Brentford,47,58,7,6
340,Woodrow,Luton,Forward,4.4,34,29,345,1,1,1.08,0.81,0,11,9.22,0,3,107,8,108,1,0.09,0.30000000000000004,0,5,2.8600000000000003,0,0,33,Brentford,47,58,7,6
553,Giles,Luton,Defender,4.5,34,11,498,0,0,0.12,0.56,0,14,14.04,0,0,81,0,0,0,0,0,0,0,0,0,0,0,Brentford,47,58,7,6
575,Lockyer,Luton,Defender,4.3,34,23,1169,1,1,0.9900000000000001,0.29,0,23,27.64,0,1,162,0,0,0,0,0,0,0,0,0,0,0,Brentford,47,58,7,6
582,Mpanzu,Luton,Midfielder,4.9,34,33,1056,0,0,0.6000000000000001,1.4100000000000001,1,28,28.34,0,0,100,4,215,0,0.07,0.04,0,7,6.2299999999999995,0,0,17,Brentford,47,58,7,6
586,Chong,Luton,Midfielder,4.9,34,69,1546,4,2,2.4200000000000004,1.25,0,37,38.459999999999994,0,3,195,16,369,0,0.27,0.08,0,8,8.26,0,2,43,Brentford,47,58,7,6
602,Kabore,Luton,Defender,4,34,33,1693,0,3,0.22,1.85,0,38,37.35,0,3,231,3,360,0,0,0.16,0,6,5.85,0,0,51,Brentford,47,58,7,6
614,Kaminski,Luton,Goalkeeper,4.5,34,78,2970,0,0,0,0.03,2,70,69.50000000000001,128,3,566,10,450,0,0,0.01,0,11,10.11,18,0,79,Brentford,47,58,7,6
630,Barkley,Luton,Midfielder,4.9,34,95,2321,5,5,3.75,2.5999999999999996,2,58,54.46,0,4,467,17,450,1,0.56,0.31,0,11,10.11,0,0,72,Brentford,47,58,7,6
631,Brown,Luton,Forward,4.9,34,39,1013,2,1,2.8099999999999996,0.44000000000000006,1,26,27.75,0,3,115,0,0,0,0,0,0,0,0,0,0,0,Brentford,47,58,7,6
341,Akanji,ManCity,Defender,5,34,82,1992,2,0,0.95,1.4500000000000004,7,21,21.48,0,6,440,11,315,0,0.07,0.35000000000000003,1,3,2.4400000000000004,0,0,75,Brighton,52,50,3,6
342,Ake,ManCity,Defender,5.1,34,83,1751,2,3,2.0500000000000003,1.1100000000000003,4,19,18.610000000000003,0,6,408,1,26,0,0.35,0.01,0,0,0.41,0,0,0,Brighton,52,50,3,6
343,J.Alvarez,ManCity,Forward,7,34,139,2449,8,11,11.470000000000002,6.179999999999998,10,24,23.389999999999997,0,17,571,9,253,1,2.32,0.63,0,3,1.76,0,0,24,Brighton,52,50,3,6
344,Bernardo,ManCity,Midfielder,6.3,34,107,2060,6,4,3.27,6.479999999999999,6,24,22.340000000000003,0,16,472,6,165,0,0.44,0.5900000000000001,1,1,1.37,0,0,21,Brighton,52,50,3,6
349,De Bruyne,ManCity,Midfielder,10.2,34,62,750,3,6,1.37,4.779999999999999,3,6,7.75,0,8,270,23,260,1,0.35,2.56,2,2,2.0900000000000003,0,3,108,Brighton,52,50,3,6
350,Ruben,ManCity,Defender,5.5,34,72,2287,0,0,1.1600000000000001,1.3500000000000005,7,27,23.31,0,1,444,11,360,0,0.12,0.22,1,4,2.9800000000000004,0,0,76,Brighton,52,50,3,6
352,Ederson M.,ManCity,Goalkeeper,5.6,34,89,2402,0,0,0,0.03,8,26,24.68,49,5,463,2,90,0,0,0,0,1,0.49,1,0,14,Brighton,52,50,3,6
353,Foden,ManCity,Midfielder,7.6,34,183,2449,14,7,8.92,6.2,11,25,26.17,0,24,707,23,139,0,0.43999999999999995,0.5700000000000001,1,1,1.21,0,3,91,Brighton,52,50,3,6
354,Grealish,ManCity,Midfielder,7.3,34,45,909,3,1,2.17,2.61,2,13,10.740000000000002,0,6,191,4,209,0,0.24,0.55,0,3,1.9700000000000002,0,0,25,Brighton,52,50,3,6
355,Haaland,ManCity,Forward,14.1,34,174,2182,20,8,23.930000000000003,2.0100000000000002,9,23,23.380000000000003,0,23,615,20,260,1,2.68,0.33999999999999997,2,2,2.0900000000000003,0,3,63,Brighton,52,50,3,6
356,Kovačic,ManCity,Midfielder,4.9,34,47,1142,1,0,1.1600000000000001,1.43,6,13,10.9,0,2,254,14,181,0,0.44,0.25,1,2,1.59,0,2,62,Brighton,52,50,3,6
358,R.Lewis,ManCity,Defender,4.4,34,50,785,2,0,0.63,1.21,4,9,8.5,0,2,210,18,333,0,0.32,0.7800000000000001,1,4,2.5700000000000003,0,1,89,Brighton,52,50,3,6
365,Rodrigo,ManCity,Midfielder,5.7,34,129,2403,7,8,3.77,5.180000000000001,10,24,25.83,0,16,600,20,237,2,0.49,0.45999999999999996,1,2,1.9100000000000001,0,2,83,Brighton,52,50,3,6
366,Sergio Gomez,ManCity,Defender,3.9,34,8,37,0,1,0.32,0.19,0,2,1.19,0,0,21,2,19,0,0.32,0.11,0,1,0.21000000000000002,0,0,2,Brighton,52,50,3,6
368,Stones,ManCity,Defender,5.3,34,52,1040,1,0,1.06,0.4,5,9,11.839999999999998,0,3,236,1,90,0,0,0.05,0,2,1.08,0,0,14,Brighton,52,50,3,6
369,Walker,ManCity,Defender,5.3,34,84,2260,0,3,0.4,2.9499999999999997,6,27,24.55,0,8,479,0,0,0,0,0,0,0,0,0,0,0,Brighton,52,50,3,6
566,Matheus N.,ManCity,Midfielder,5,34,29,801,0,2,0.89,1.67,2,13,10.08,0,1,111,4,121,0,0.48,0.16,0,2,1.07,0,0,10,Brighton,52,50,3,6
616,Gvardiol,ManCity,Defender,5.1,34,67,1787,1,1,1.73,1.7800000000000002,5,21,19.59,0,5,369,23,315,1,0.7,0.66,1,3,2.4400000000000004,0,4,89,Brighton,52,50,3,6
678,Doku,ManCity,Midfielder,6.5,34,85,1392,3,8,2.14,5.099999999999999,1,18,13.53,0,13,353,23,198,3,0.7,0.54,0,2,1.3399999999999999,0,4,82,Brighton,52,50,3,6
209,Mount,ManUtd,Midfielder,6.8,34,20,429,1,0,0.29000000000000004,0.33,1,9,8.7,0,0,78,8,32,0,0.09,0.01,0,3,1.7799999999999998,0,0,27,SheffieldUtd,30,84,8,12
372,Antony,ManUtd,Midfielder,6.8,34,38,1088,0,1,1.7000000000000002,1.5900000000000003,3,20,21.28,0,0,147,6,145,1,0.19999999999999998,0.24,0,6,5.5600000000000005,0,0,28,SheffieldUtd,30,84,8,12
373,B.Fernandes,ManUtd,Midfielder,8.4,34,139,2790,8,7,8.649999999999999,7.7399999999999975,7,48,57.41,0,19,603,34,360,0,1.69,0.78,0,9,10.98,0,6,124,SheffieldUtd,30,84,8,12
376,Casemiro,ManUtd,Midfielder,5.4,34,44,1441,1,2,2.85,0.8400000000000002,4,24,30.7,0,0,233,9,264,1,0.32,0.26,0,7,7.8,0,0,60,SheffieldUtd,30,84,8,12
377,Dalot,ManUtd,Defender,4.9,34,90,2634,1,3,0.9700000000000003,2.1400000000000006,7,45,54.879999999999995,0,10,551,7,360,1,0.1,0.42,0,9,10.98,0,0,68,SheffieldUtd,30,84,8,12
379,Eriksen,ManUtd,Midfielder,5.9,34,35,882,1,1,0.7200000000000001,2.04,1,20,16.790000000000003,0,4,186,0,0,0,0,0,0,0,0,0,0,0,SheffieldUtd,30,84,8,12
382,Garnacho,ManUtd,Midfielder,4.8,34,115,2032,7,6,6.28,2.289999999999999,7,30,41.82,0,7,329,21,267,1,0.92,0.07,0,5,7.4399999999999995,0,2,54,SheffieldUtd,30,84,8,12
386,Lindelof,ManUtd,Defender,4.5,34,62,1328,1,1,0.69,0.4300000000000001,5,16,25.99,0,7,291,9,68,0,0,0.01,1,0,1.68,0,3,30,SheffieldUtd,30,84,8,12
387,Maguire,ManUtd,Defender,4.3,34,59,1470,1,3,1.8500000000000003,0.94,4,26,33.849999999999994,0,4,302,3,315,0,0.25,0.03,0,9,10.14,0,0,51,SheffieldUtd,30,84,8,12
389,Malacia,ManUtd,Defender,4.4,34,0,0,0,0,0,0,0,0,0,0,0,0,0,0,0,0,0,0,0,0,0,0,0,SheffieldUtd,30,84,8,12
390,Martial,ManUtd,Forward,6.5,34,25,439,1,1,1.2400000000000002,0.13999999999999999,1,6,8.54,0,2,73,0,0,0,0,0,0,0,0,0,0,0,SheffieldUtd,30,84,8,12
391,L.Martinez,ManUtd,Defender,4.8,34,13,578,0,1,0,0.08,1,11,10.040000000000001,0,0,118,1,21,0,0,0,0,1,0.92,0,0,2,SheffieldUtd,30,84,8,12
392,McTominay,ManUtd,Midfielder,4.8,34,89,1569,7,1,5.359999999999999,0.35,6,26,33.309999999999995,0,5,292,2,105,0,0.03,0.03,0,3,3.6100000000000003,0,0,9,SheffieldUtd,30,84,8,12
395,R.Varane,ManUtd,Defender,5,34,43,1349,1,0,0.81,0.3600000000000001,3,23,27.229999999999997,0,2,270,1,90,0,0,0,0,2,2.36,0,0,12,SheffieldUtd,30,84,8,12
396,Rashford,ManUtd,Midfielder,8.9,34,106,2242,7,3,7.059999999999999,2.7999999999999994,7,36,48.09000000000001,0,0,323,8,258,0,0.13,0.17,1,5,7.15,0,0,26,SheffieldUtd,30,84,8,12
397,Sancho,ManUtd,Midfielder,6.8,34,3,76,0,0,0,0.07,0,1,1.86,0,0,11,0,0,0,0,0,0,0,0,0,0,0,SheffieldUtd,30,84,8,12
398,Shaw,ManUtd,Defender,5.3,34,31,960,0,1,0.05,0.8900000000000001,4,13,20.17,0,0,195,0,0,0,0,0,0,0,0,0,0,0,SheffieldUtd,30,84,8,12
401,Wan-Bissaka,ManUtd,Defender,4.5,34,35,1242,0,2,0.07,1.1700000000000002,2,24,28.689999999999998,0,5,238,6,360,1,0,0.14,0,9,10.98,0,0,50,SheffieldUtd,30,84,8,12
508,Reguilon,ManUtd,Defender,4.4,34,55,1105,0,5,0.89,2.1700000000000004,4,24,24.54,0,9,239,15,189,2,0.15000000000000002,0.87,1,4,7.73,0,4,55,SheffieldUtd,30,84,8,12
597,A.Onana,Everton,Midfielder,4.9,34,114,2880,0,0,0,0.060000000000000005,8,48,59.760000000000005,123,9,625,9,360,0,0,0,0,9,10.98,19,0,71,NottmForest,42,58,8,8
597,A.Onana,Everton,Midfielder,4.9,34,114,2880,0,0,0,0.060000000000000005,8,48,59.760000000000005,123,9,625,9,360,0,0,0,0,9,10.98,19,0,71,Liverpool,72,31,8,6
617,Hojlund,ManUtd,Forward,7.1,34,86,1798,7,2,6.04,0.87,5,27,35.67,0,10,260,8,335,0,0.13,0.18000000000000002,0,7,9.85,0,0,15,SheffieldUtd,30,84,8,12
709,Amrabat,ManUtd,Midfielder,5,34,19,645,0,0,0.05,0.22999999999999998,1,10,12.66,0,0,89,1,11,0,0,0,0,1,1.14,0,0,2,SheffieldUtd,30,84,8,12
402,Almiron,Newcastle,Midfielder,6.3,34,74,1845,3,1,4.52,2.3600000000000003,5,37,37.199999999999996,0,4,270,1,10,0,0,0.35,0,0,0,0,0,10,CrystalPalace,37,54,5,7
403,Anderson,Newcastle,Midfielder,4.4,34,29,670,0,1,1.21,0.62,5,6,7.23,0,0,98,8,241,0,0.43,0.3,2,0,1.78,0,0,29,CrystalPalace,37,54,5,7
405,Botman,Newcastle,Defender,4.7,34,51,1375,2,2,0.62,0.54,3,29,31.58,0,4,298,0,0,0,0,0,0,0,0,0,0,0,CrystalPalace,37,54,5,7
406,Bruno G.,Newcastle,Midfielder,5.8,34,114,2724,4,7,3.34,4.98,10,50,51.22,0,9,528,21,360,1,0.64,0.5700000000000001,2,4,4.84,0,3,84,CrystalPalace,37,54,5,7
407,Burn,Newcastle,Defender,4.5,34,89,2185,2,2,2.9199999999999995,0.9900000000000002,8,35,38.800000000000004,0,4,419,15,360,0,0.23,0.01,2,4,4.84,0,0,69,CrystalPalace,37,54,5,7
415,Isak,Newcastle,Forward,7.6,34,132,1760,17,1,15.879999999999994,1.82,6,32,36.620000000000005,0,18,504,37,360,1,4.99,0.49000000000000005,2,4,4.84,0,7,141,CrystalPalace,37,54,5,7
416,Joelinton,Newcastle,Midfielder,5.8,34,41,1133,2,1,2.2,0.6700000000000002,3,19,23.360000000000003,0,3,180,0,0,0,0,0,0,0,0,0,0,0,CrystalPalace,37,54,5,7
421,Longstaff,Newcastle,Midfielder,4.9,34,86,2254,4,3,4.38,2.4400000000000004,9,42,44.98,0,1,332,9,360,0,0.69,0.4,2,4,4.84,0,0,19,CrystalPalace,37,54,5,7
424,Pope,Newcastle,Goalkeeper,5.5,34,56,1255,0,0,0.02,0,6,14,14.700000000000003,40,1,268,0,0,0,0,0,0,0,0,0,0,0,CrystalPalace,37,54,5,7
427,Schar,Newcastle,Defender,5,34,120,2803,4,3,2.32,1.3700000000000003,9,52,54.99,0,12,601,23,360,0,0.060000000000000005,0.17,2,4,4.84,0,2,85,CrystalPalace,37,54,5,7
428,Targett,Newcastle,Defender,4.4,34,2,77,0,0,0,0.01,0,4,1.77,0,0,15,0,0,0,0,0,0,0,0,0,0,0,CrystalPalace,37,54,5,7
429,Tonali,Newcastle,Midfielder,5.5,34,16,437,1,0,0.62,0.4700000000000001,1,5,6.659999999999999,0,0,86,0,0,0,0,0,0,0,0,0,0,0,CrystalPalace,37,54,5,7
430,Trippier,Newcastle,Defender,6.6,34,108,2163,1,10,0.6500000000000001,6.9,6,41,39,0,20,574,0,0,0,0,0,0,0,0,0,0,0,CrystalPalace,37,54,5,7
433,Wilson,Newcastle,Forward,7.8,34,57,855,7,1,7.499999999999999,0.30999999999999994,5,14,12.010000000000002,0,4,187,0,0,0,0,0,0,0,0,0,0,0,CrystalPalace,37,54,5,7
603,Barnes,Newcastle,Midfielder,6.4,34,49,577,4,2,2.83,1.68,2,6,8,0,3,155,21,225,1,1.5499999999999998,0.81,1,1,2.52,0,1,78,CrystalPalace,37,54,5,7
23,Tavares,NottmForest,Defender,4,34,11,454,0,0,0.16,0.38,1,9,4.970000000000001,0,0,69,1,1,0,0,0,0,0,0,0,0,4,Everton,32,48,3,11
28,Turner,NottmForest,Goalkeeper,4,34,41,1530,0,0,0,0,2,28,25.43,55,0,278,-1,0,0,0,0,0,0,0,0,0,-3,Everton,32,48,3,11
205,Hudson-Odoi,NottmForest,Midfielder,4.9,34,81,1416,5,2,2.08,1.3800000000000003,2,32,22.03,0,11,268,14,354,0,0.8500000000000001,0.21000000000000002,0,8,4.71,0,0,49,Everton,32,48,3,11
378,Elanga,NottmForest,Midfielder,5,34,108,2143,5,8,6.13,3.33,2,40,34.44,0,5,349,11,307,1,0.5399999999999999,0.30000000000000004,0,5,3.8299999999999996,0,1,42,Everton,32,48,3,11
436,Aurier,NottmForest,Defender,4.5,34,27,831,0,2,0.16,0.45,1,15,13.939999999999998,0,3,137,0,0,0,0,0,0,0,0,0,0,0,Everton,32,48,3,11
437,Awoniyi,NottmForest,Forward,6.6,34,64,1020,6,3,4.85,0.9000000000000001,3,21,15.34,0,5,239,0,0,0,0,0,0,0,0,0,0,0,Everton,32,48,3,11
439,Boly,NottmForest,Defender,4.5,34,39,1084,1,0,1.37,0.66,3,19,20.24,0,3,199,2,90,0,0.04,0,0,1,0.6,0,0,7,Everton,32,48,3,11
442,Danilo,NottmForest,Midfielder,5.3,34,52,1376,2,1,1.56,0.7700000000000002,1,33,22.330000000000002,0,4,238,15,258,1,0.98,0.11,0,6,3.8900000000000006,0,2,65,Everton,32,48,3,11
443,Dennis,NottmForest,Forward,4.8,34,0,0,0,0,0,0,0,0,0,0,0,0,0,0,0,0,0,0,0,0,0,0,0,Everton,32,48,3,11
447,Gibbs-White,NottmForest,Midfielder,5.9,34,120,2706,5,9,5.61,5.77,5,50,42.500000000000014,0,10,474,34,404,3,0.91,1.8299999999999998,1,7,5.16,0,6,122,Everton,32,48,3,11
451,Kouyate,NottmForest,Midfielder,4.9,34,11,204,0,0,0.25,0.04,0,6,5.82,0,0,29,0,0,0,0,0,0,0,0,0,0,0,Everton,32,48,3,11
453,Mangala,NottmForest,Midfielder,5,34,40,1562,1,0,0.77,0.28,3,31,24.5,0,0,186,0,0,0,0,0,0,0,0,0,0,0,Everton,32,48,3,11
455,McKenna,NottmForest,Defender,4.5,34,12,416,0,0,0.21,0.17,1,6,5.640000000000001,0,1,64,0,0,0,0,0,0,0,0,0,0,0,Everton,32,48,3,11
457,Niakhate,NottmForest,Defender,4.5,34,25,1157,1,0,1.3,0.23000000000000004,1,29,24.28,0,1,199,0,0,0,0,0,0,0,0,0,0,0,Everton,32,48,3,11
467,Williams,NottmForest,Defender,4.4,34,37,1506,0,1,0.61,1.4800000000000002,1,30,22.380000000000006,0,2,207,7,446,0,0.29,0.23,0,8,5.800000000000001,0,0,52,Everton,32,48,3,11
468,Wood,NottmForest,Forward,5,34,110,1364,12,1,8.03,0.8400000000000001,2,25,20.79,0,19,413,33,411,0,2.41,0.54,1,7,5.37,0,7,115,Everton,32,48,3,11
469,Worrall,NottmForest,Defender,4.5,34,13,438,0,0,0.1,0.31,1,9,9.01,0,3,74,0,0,0,0,0,0,0,0,0,0,0,Everton,32,48,3,11
470,Yates,NottmForest,Midfielder,4.9,34,45,1735,0,0,2.2,0.5400000000000001,1,36,27.52000000000001,0,1,180,9,415,0,0.36,0.08,0,8,5.66,0,0,49,Everton,32,48,3,11
604,Aina,NottmForest,Defender,4.5,34,40,1330,1,1,0.18000000000000002,0.6000000000000001,2,31,23.640000000000004,0,2,216,6,343,0,0.01,0.16999999999999998,0,7,5.140000000000001,0,0,54,Everton,32,48,3,11
679,G.Montiel,NottmForest,Defender,4.5,34,21,498,0,2,0.09,0.27,1,7,6.220000000000001,0,3,113,1,3,0,0,0,0,0,0.02,0,0,3,Everton,32,48,3,11
714,Origi,NottmForest,Forward,5,34,24,584,0,1,1.2200000000000002,0.8200000000000001,2,6,9.719999999999999,0,0,57,6,194,0,0.5800000000000001,0.22999999999999998,1,1,2.3200000000000003,0,0,8,Everton,32,48,3,11
33,Archer,SheffieldUtd,Forward,4.5,34,71,1466,4,3,3.8299999999999996,0.91,2,37,30.870000000000005,0,9,225,5,17,1,0.11,0.14,0,1,0.36,0,0,19,Burnley,33,68,6,6
33,Archer,SheffieldUtd,Forward,4.5,34,71,1466,4,3,3.8299999999999996,0.91,2,37,30.870000000000005,0,9,225,5,17,1,0.11,0.14,0,1,0.36,0,0,19,ManUtd,47,48,10,9
471,Ahmedhodzic,SheffieldUtd,Defender,4.4,34,26,2199,1,0,2.4299999999999997,0.37,1,70,48.37000000000001,0,4,271,3,360,0,0.02,0.24000000000000002,0,10,4.390000000000001,0,0,44,Burnley,33,68,6,6
471,Ahmedhodzic,SheffieldUtd,Defender,4.4,34,26,2199,1,0,2.4299999999999997,0.37,1,70,48.37000000000001,0,4,271,3,360,0,0.02,0.24000000000000002,0,10,4.390000000000001,0,0,44,ManUtd,47,48,10,9
473,Baldock,SheffieldUtd,Defender,3.9,34,21,968,0,2,0.03,0.6300000000000001,0,21,22.11,0,2,117,0,0,0,0,0,0,0,0,0,0,0,Burnley,33,68,6,6
473,Baldock,SheffieldUtd,Defender,3.9,34,21,968,0,2,0.03,0.6300000000000001,0,21,22.11,0,2,117,0,0,0,0,0,0,0,0,0,0,0,ManUtd,47,48,10,9
474,Basham,SheffieldUtd,Defender,4,34,8,316,0,0,0.12000000000000001,0.07,0,6,7.12,0,0,35,0,0,0,0,0,0,0,0,0,0,0,Burnley,33,68,6,6
474,Basham,SheffieldUtd,Defender,4,34,8,316,0,0,0.12000000000000001,0.07,0,6,7.12,0,0,35,0,0,0,0,0,0,0,0,0,0,0,ManUtd,47,48,10,9
476,Bogle,SheffieldUtd,Defender,4.5,34,52,2260,2,3,1.8800000000000003,0.8400000000000001,3,61,43.56999999999999,0,0,283,10,345,0,0.33,0.05,0,9,4.03,0,0,40,Burnley,33,68,6,6
476,Bogle,SheffieldUtd,Defender,4.5,34,52,2260,2,3,1.8800000000000003,0.8400000000000001,3,61,43.56999999999999,0,0,283,10,345,0,0.33,0.05,0,9,4.03,0,0,40,ManUtd,47,48,10,9
480,Egan,SheffieldUtd,Defender,4.4,34,1,482,0,0,0.17,0,0,17,14.85,0,0,54,0,0,0,0,0,0,0,0,0,0,0,Burnley,33,68,6,6
480,Egan,SheffieldUtd,Defender,4.4,34,1,482,0,0,0.17,0,0,17,14.85,0,0,54,0,0,0,0,0,0,0,0,0,0,0,ManUtd,47,48,10,9
481,Fleck,SheffieldUtd,Midfielder,4.9,34,3,89,0,0,0,0.35,0,5,3.1500000000000004,0,0,13,0,0,0,0,0,0,0,0,0,0,0,Burnley,33,68,6,6
481,Fleck,SheffieldUtd,Midfielder,4.9,34,3,89,0,0,0,0.35,0,5,3.1500000000000004,0,0,13,0,0,0,0,0,0,0,0,0,0,0,ManUtd,47,48,10,9
482,Foderingham,SheffieldUtd,Goalkeeper,4.5,34,58,2198,0,0,0,0.05,1,63,49.29000000000001,108,7,429,0,0,0,0,0,0,0,0,0,0,0,Burnley,33,68,6,6
482,Foderingham,SheffieldUtd,Goalkeeper,4.5,34,58,2198,0,0,0,0.05,1,63,49.29000000000001,108,7,429,0,0,0,0,0,0,0,0,0,0,0,ManUtd,47,48,10,9
485,McBurnie,SheffieldUtd,Forward,5.4,34,64,1202,6,3,5.819999999999999,1.9700000000000002,1,39,26.220000000000002,0,9,229,21,296,1,1.5799999999999998,0.75,0,8,3.31,0,4,85,Burnley,33,68,6,6
485,McBurnie,SheffieldUtd,Forward,5.4,34,64,1202,6,3,5.819999999999999,1.9700000000000002,1,39,26.220000000000002,0,9,229,21,296,1,1.5799999999999998,0.75,0,8,3.31,0,4,85,ManUtd,47,48,10,9
488,Norwood,SheffieldUtd,Midfielder,4.9,34,40,1405,1,0,1.1,1.2200000000000002,0,45,34.68,0,3,224,0,5,0,0,0,0,2,0.35,0,0,0,Burnley,33,68,6,6
488,Norwood,SheffieldUtd,Midfielder,4.9,34,40,1405,1,0,1.1,1.2200000000000002,0,45,34.68,0,3,224,0,5,0,0,0,0,2,0.35,0,0,0,ManUtd,47,48,10,9
489,Osborn,SheffieldUtd,Midfielder,4.8,34,29,995,0,1,0.22,0.6500000000000001,0,24,18.950000000000003,0,0,127,7,298,0,0.06999999999999999,0.23,0,9,3.5900000000000003,0,0,41,Burnley,33,68,6,6
489,Osborn,SheffieldUtd,Midfielder,4.8,34,29,995,0,1,0.22,0.6500000000000001,0,24,18.950000000000003,0,0,127,7,298,0,0.06999999999999999,0.23,0,9,3.5900000000000003,0,0,41,ManUtd,47,48,10,9
490,Osula,SheffieldUtd,Forward,4.4,34,23,752,0,1,1.59,0.13,0,22,19.360000000000003,0,0,23,1,27,0,0,0,0,2,0.85,0,0,-1,Burnley,33,68,6,6
490,Osula,SheffieldUtd,Forward,4.4,34,23,752,0,1,1.59,0.13,0,22,19.360000000000003,0,0,23,1,27,0,0,0,0,2,0.85,0,0,-1,ManUtd,47,48,10,9
576,J.Robinson,SheffieldUtd,Defender,4.5,34,30,2590,1,1,1.01,0.7300000000000002,1,75,54.84000000000001,0,1,350,2,270,0,0.04,0.04,0,8,3.37,0,0,23,Burnley,33,68,6,6
576,J.Robinson,SheffieldUtd,Defender,4.5,34,30,2590,1,1,1.01,0.7300000000000002,1,75,54.84000000000001,0,1,350,2,270,0,0.04,0.04,0,8,3.37,0,0,23,ManUtd,47,48,10,9
587,Slimane,SheffieldUtd,Midfielder,4.8,34,12,363,0,0,0.81,0.12,1,14,9.25,0,0,22,2,4,0,0,0,0,2,0.74,0,0,5,Burnley,33,68,6,6
587,Slimane,SheffieldUtd,Midfielder,4.8,34,12,363,0,0,0.81,0.12,1,14,9.25,0,0,22,2,4,0,0,0,0,2,0.74,0,0,5,ManUtd,47,48,10,9
592,Larouci,SheffieldUtd,Defender,4.4,34,9,473,0,0,0.24,0.04,0,10,11.629999999999999,0,0,59,1,56,0,0.04,0.01,0,0,0.66,0,0,8,Burnley,33,68,6,6
592,Larouci,SheffieldUtd,Defender,4.4,34,9,473,0,0,0.24,0.04,0,10,11.629999999999999,0,0,59,1,56,0,0.04,0.01,0,0,0.66,0,0,8,ManUtd,47,48,10,9
593,T.Benie,SheffieldUtd,Forward,5.3,34,11,383,0,0,0.27,0.46,0,13,11.659999999999998,0,0,14,0,0,0,0,0,0,0,0,0,0,0,Burnley,33,68,6,6
593,T.Benie,SheffieldUtd,Forward,5.3,34,11,383,0,0,0.27,0.46,0,13,11.659999999999998,0,0,14,0,0,0,0,0,0,0,0,0,0,0,ManUtd,47,48,10,9
638,Vini Souza,SheffieldUtd,Midfielder,5,34,65,2341,1,1,0.44,0.42000000000000004,1,69,51.00000000000001,0,4,323,5,175,0,0,0.01,0,4,2.66,0,0,22,Burnley,33,68,6,6
638,Vini Souza,SheffieldUtd,Midfielder,5,34,65,2341,1,1,0.44,0.42000000000000004,1,69,51.00000000000001,0,4,323,5,175,0,0,0.01,0,4,2.66,0,0,22,ManUtd,47,48,10,9
663,Hamer,SheffieldUtd,Midfielder,5,34,87,2393,3,6,2.4099999999999997,3.2699999999999996,2,63,47.809999999999995,0,4,355,16,331,3,0.18,0.5800000000000001,0,8,3.5400000000000005,0,0,52,Burnley,33,68,6,6
663,Hamer,SheffieldUtd,Midfielder,5,34,87,2393,3,6,2.4099999999999997,3.2699999999999996,2,63,47.809999999999995,0,4,355,16,331,3,0.18,0.5800000000000001,0,8,3.5400000000000005,0,0,52,ManUtd,47,48,10,9
693,L.Thomas,SheffieldUtd,Defender,4,34,7,916,0,0,0.53,0.18000000000000002,0,29,21.700000000000003,0,0,80,0,0,0,0,0,0,0,0,0,0,0,Burnley,33,68,6,6
693,L.Thomas,SheffieldUtd,Defender,4,34,7,916,0,0,0.53,0.18000000000000002,0,29,21.700000000000003,0,0,80,0,0,0,0,0,0,0,0,0,0,0,ManUtd,47,48,10,9
522,N.Aguerd,WestHam,Defender,4.5,34,36,1857,1,0,1.37,0.41000000000000003,2,44,38.78999999999999,0,0,282,1,90,0,0,0.01,0,2,3.29,0,0,18,CrystalPalace,37,54,5,7
523,Antonio,WestHam,Forward,5.9,34,60,1305,4,2,3.68,1.2500000000000002,5,19,26.33,0,7,171,19,349,0,1.5799999999999998,0.060000000000000005,1,4,6.63,0,3,58,CrystalPalace,37,54,5,7
524,Areola,WestHam,Goalkeeper,4.2,34,106,2340,0,0,0,0,4,42,46.40999999999999,113,11,519,5,135,0,0,0,0,2,2.07,7,0,27,CrystalPalace,37,54,5,7
525,Benrahma,WestHam,Midfielder,5.8,34,20,611,0,1,1.9100000000000001,0.7700000000000001,2,8,12.91,0,0,64,0,0,0,0,0,0,0,0,0,0,0,CrystalPalace,37,54,5,7
526,Bowen,WestHam,Midfielder,7.1,34,165,2750,15,5,9.900000000000002,4.56,5,55,56.08999999999998,0,11,481,18,323,2,0.44999999999999996,1.55,0,7,7.11,0,0,67,CrystalPalace,37,54,5,7
527,Cornet,WestHam,Midfielder,5.3,34,12,104,1,0,0.39999999999999997,0.02,0,3,2.82,0,0,38,1,1,0,0,0,0,0,0.05,0,0,2,CrystalPalace,37,54,5,7
528,Coufal,WestHam,Defender,4.5,34,81,2685,0,7,0.28,2.41,4,54,55.239999999999995,0,9,459,12,383,1,0.24000000000000002,0.28,0,8,9.040000000000001,0,2,43,CrystalPalace,37,54,5,7
530,Cresswell,WestHam,Defender,4.3,34,6,276,0,0,0,0.42000000000000004,0,6,2.65,0,0,47,2,42,0,0,0.01,0,0,0.07,0,0,9,CrystalPalace,37,54,5,7
532,Emerson,WestHam,Defender,4.5,34,82,2715,1,4,1.1400000000000001,1.9100000000000004,5,51,57.50999999999999,0,8,482,9,443,1,0,0.09,0,9,10.43,0,0,58,CrystalPalace,37,54,5,7
534,P.Fornals,WestHam,Midfielder,4.8,34,19,418,0,0,0.31000000000000005,0.3400000000000001,1,9,9.49,0,0,68,0,0,0,0,0,0,0,0,0,0,0,CrystalPalace,37,54,5,7
535,Ings,WestHam,Forward,5.7,34,32,344,1,2,1.18,0.24000000000000002,0,9,9.309999999999999,0,4,95,3,91,0,0.15,0.16,0,2,3.29,0,0,5,CrystalPalace,37,54,5,7
537,Kehrer,WestHam,Defender,4.4,34,2,19,0,0,0,0,0,1,0.47000000000000003,0,0,7,0,0,0,0,0,0,0,0,0,0,0,CrystalPalace,37,54,5,7
539,L.Paqueta,WestHam,Midfielder,6,34,91,2204,4,6,5.12,4.47,4,37,40.849999999999994,0,7,361,18,443,1,1.38,0.8200000000000001,0,9,10.43,0,2,67,CrystalPalace,37,54,5,7
542,Souček,WestHam,Midfielder,4.9,34,97,2479,6,1,6.370000000000001,0.8300000000000002,5,49,52.449999999999996,0,6,372,7,336,0,0.81,0.21,0,8,8.47,0,0,39,CrystalPalace,37,54,5,7
544,Zouma,WestHam,Defender,4.5,34,72,2388,3,0,1.87,0.02,3,47,49.019999999999996,0,6,384,15,390,0,0.27,0,0,8,8.65,0,2,69,CrystalPalace,37,54,5,7
577,Ogbonna,WestHam,Defender,4.4,34,18,319,0,0,0,0,2,2,7.73,0,0,73,0,0,0,0,0,0,0,0,0,0,0,CrystalPalace,37,54,5,7
642,Alvarez,WestHam,Midfielder,5,34,57,2147,1,1,1.37,0.6900000000000002,5,35,43.559999999999995,0,3,312,5,270,0,0,0.06,0,4,5.42,0,0,34,CrystalPalace,37,54,5,7
664,Ward-Prowse,WestHam,Midfielder,6.3,34,132,2669,6,7,5.97,5.909999999999998,5,54,55.99999999999998,0,18,637,17,337,0,0.66,0.6600000000000001,0,6,8.35,0,3,78,CrystalPalace,37,54,5,7
689,Kudus,WestHam,Midfielder,6.5,34,116,2041,7,7,3.93,2.97,3,45,38.72,0,13,405,19,450,1,0.73,0.6200000000000001,0,9,10.45,0,2,74,CrystalPalace,37,54,5,7
545,Ait-Nouri,Wolves,Defender,4.5,34,71,1911,2,3,2.89,1.5800000000000003,3,31,32.699999999999996,0,6,307,14,207,1,1.05,0.06999999999999999,0,2,1.73,0,0,30,Arsenal,75,26,7,3
545,Ait-Nouri,Wolves,Defender,4.5,34,71,1911,2,3,2.89,1.5800000000000003,3,31,32.699999999999996,0,6,307,14,207,1,1.05,0.06999999999999999,0,2,1.73,0,0,30,Bournemouth,47,57,10,8
548,H.Bueno,Wolves,Defender,4.5,34,26,550,0,0,0.29000000000000004,0.43000000000000005,2,10,8.459999999999999,0,0,114,5,127,0,0,0.15,0,2,1.5300000000000002,0,0,30,Arsenal,75,26,7,3
548,H.Bueno,Wolves,Defender,4.5,34,26,550,0,0,0.29000000000000004,0.43000000000000005,2,10,8.459999999999999,0,0,114,5,127,0,0,0.15,0,2,1.5300000000000002,0,0,30,Bournemouth,47,57,10,8
551,Dawson,Wolves,Defender,4.5,34,69,2209,1,1,1.58,0.42000000000000004,6,38,38.46999999999999,0,6,421,0,0,0,0,0,0,0,0,0,0,0,Arsenal,75,26,7,3
551,Dawson,Wolves,Defender,4.5,34,69,2209,1,1,1.58,0.42000000000000004,6,38,38.46999999999999,0,6,421,0,0,0,0,0,0,0,0,0,0,0,Bournemouth,47,57,10,8
552,Fabio Silva,Wolves,Forward,5.4,34,8,259,0,0,1.12,0.09000000000000001,1,8,7.199999999999999,0,0,7,0,0,0,0,0,0,0,0,0,0,0,Arsenal,75,26,7,3
552,Fabio Silva,Wolves,Forward,5.4,34,8,259,0,0,1.12,0.09000000000000001,1,8,7.199999999999999,0,0,7,0,0,0,0,0,0,0,0,0,0,0,Bournemouth,47,57,10,8
557,Hee Chan,Wolves,Midfielder,5.4,34,106,1649,10,3,6.32,2.4300000000000006,3,24,25.38,0,10,289,1,31,0,0.14,0,0,0,0.37,0,0,2,Arsenal,75,26,7,3
557,Hee Chan,Wolves,Midfielder,5.4,34,106,1649,10,3,6.32,2.4300000000000006,3,24,25.38,0,10,289,1,31,0,0.14,0,0,0,0.37,0,0,2,Bournemouth,47,57,10,8
559,Joao Gomes,Wolves,Midfielder,4.9,34,65,2133,2,2,1.48,1.5200000000000002,4,37,37.86,0,3,312,4,321,0,0.35000000000000003,0.31000000000000005,0,7,4.61,0,0,39,Arsenal,75,26,7,3
559,Joao Gomes,Wolves,Midfielder,4.9,34,65,2133,2,2,1.48,1.5200000000000002,4,37,37.86,0,3,312,4,321,0,0.35000000000000003,0.31000000000000005,0,7,4.61,0,0,39,Bournemouth,47,57,10,8
562,Kalajdzic,Wolves,Forward,5,34,24,158,2,0,1.01,0.26,1,2,2.5700000000000003,0,4,88,0,0,0,0,0,0,0,0,0,0,0,Arsenal,75,26,7,3
562,Kalajdzic,Wolves,Forward,5,34,24,158,2,0,1.01,0.26,1,2,2.5700000000000003,0,4,88,0,0,0,0,0,0,0,0,0,0,0,Bournemouth,47,57,10,8
563,Kilman,Wolves,Defender,4.5,34,76,2880,2,0,1.74,0.9600000000000002,5,51,51.98,0,3,500,4,360,0,0.09,0.09,0,7,4.99,0,0,52,Arsenal,75,26,7,3
563,Kilman,Wolves,Defender,4.5,34,76,2880,2,0,1.74,0.9600000000000002,5,51,51.98,0,3,500,4,360,0,0.09,0.09,0,7,4.99,0,0,52,Bournemouth,47,57,10,8
565,Lemina,Wolves,Midfielder,5,34,80,2525,4,0,4.359999999999999,0.7700000000000001,4,44,46.959999999999994,0,10,420,7,344,0,0.31,0.05,0,6,4.890000000000001,0,0,45,Arsenal,75,26,7,3
565,Lemina,Wolves,Midfielder,5,34,80,2525,4,0,4.359999999999999,0.7700000000000001,4,44,46.959999999999994,0,10,420,7,344,0,0.31,0.05,0,6,4.890000000000001,0,0,45,Bournemouth,47,57,10,8
567,Neto,Wolves,Midfielder,5.6,34,85,1504,2,11,3.119999999999999,3.6800000000000006,3,27,28.509999999999994,0,8,307,0,0,0,0,0,0,0,0,0,0,0,Arsenal,75,26,7,3
567,Neto,Wolves,Midfielder,5.6,34,85,1504,2,11,3.119999999999999,3.6800000000000006,3,27,28.509999999999994,0,8,307,0,0,0,0,0,0,0,0,0,0,0,Bournemouth,47,57,10,8
569,Jose Sa,Wolves,Goalkeeper,5,34,92,2587,0,1,0,0,4,47,46.88999999999999,99,8,509,15,360,1,0,0,0,7,4.99,17,3,83,Arsenal,75,26,7,3
569,Jose Sa,Wolves,Goalkeeper,5,34,92,2587,0,1,0,0,4,47,46.88999999999999,99,8,509,15,360,1,0,0,0,7,4.99,17,3,83,Bournemouth,47,57,10,8
570,Sarabia,Wolves,Midfielder,5,34,95,1602,4,7,5.41,4.86,6,22,27.049999999999997,0,8,350,16,334,1,1.71,0.78,0,6,4.71,0,2,56,Arsenal,75,26,7,3
570,Sarabia,Wolves,Midfielder,5,34,95,1602,4,7,5.41,4.86,6,22,27.049999999999997,0,8,350,16,334,1,1.71,0.78,0,6,4.71,0,2,56,Bournemouth,47,57,10,8
572,N.Semedo,Wolves,Defender,4.5,34,63,2697,0,2,0.6300000000000001,1.6500000000000004,5,50,50.51,0,0,431,4,350,0,0.05,0.6100000000000001,0,7,4.96,0,0,53,Arsenal,75,26,7,3
572,N.Semedo,Wolves,Defender,4.5,34,63,2697,0,2,0.6300000000000001,1.6500000000000004,5,50,50.51,0,0,431,4,350,0,0.05,0.6100000000000001,0,7,4.96,0,0,53,Bournemouth,47,57,10,8
590,Cunha,Wolves,Forward,5.5,34,121,2086,11,6,8.739999999999998,2.52,5,37,37.589999999999996,0,15,479,13,124,0,0.53,0.06,0,4,2.91,0,3,55,Arsenal,75,26,7,3
590,Cunha,Wolves,Forward,5.5,34,121,2086,11,6,8.739999999999998,2.52,5,37,37.589999999999996,0,15,479,13,124,0,0.53,0.06,0,4,2.91,0,3,55,Bournemouth,47,57,10,8
